"A0119","607 ADAMS ST, Hoboken, NJ, ","Match","Exact","607 ADAMS ST, HOBOKEN, NJ, 07030","-74.035368051004,40.744671445285","59605404","R","34","017","018900","1002"
"A0117","1733 N CHEROKEE AVE, Los Angeles, CA, 90028","Match","Exact","1733 N CHEROKEE AVE, LOS ANGELES, CA, 90028","-118.334821278665,34.102120911287","647551934","L","06","037","190202","3001"
"A0238","15256 ACRE ST, Los Angeles, CA, 91343","Match","Non_Exact","15256 ACRE ST, NORTH HILLS, CA, 91343","-118.465059354597,34.229903219394","141548983","L","06","037","117520","2006"
"A0359","925 PARK AVE, Hoboken, NJ, ","Match","Exact","925 PARK AVE, HOBOKEN, NJ, 07030","-74.030402774821,40.748092459219","59606836","R","34","017","018600","1001"
"A0118","18-34 KINGBIRD RD, Boston, MA, 02124","Match","Non_Exact","34 KINGBIRD RD, BOSTON, MA, 02124","-71.093533488467,42.292350464404","85738311","R","25","025","100100","1002"
"A0239","1476 UNIVERSITY AVE, Berkeley, CA, 94702","Match","Exact","1476 UNIVERSITY AVE, BERKELEY, CA, 94702","-122.282479272768,37.870240703252","655811649","R","06","001","423100","1000"
"A0111","10075 TUJUNGA CANYON BLVD, Los Angeles, CA, 91042","Match","Non_Exact","10075 TUJUNGA CANYON BLVD, TUJUNGA, CA, 91042","-118.284430355327,34.249924250911","141588497","L","06","037","101220","2005"
"A0232","189 Third St, Cambridge, MA, ","Match","Exact","189 3RD ST, CAMBRIDGE, MA, 02141","-71.080956110328,42.367926768436","86870902","R","25","017","352300","1012"
"A0353","1044 E JEFFERSON BLVD, Los Angeles, CA, 90011","Match","Exact","1044 E JEFFERSON BLVD, LOS ANGELES, CA, 90011","-118.257806027731,34.012089330967","141620006","R","06","037","228310","1001"
"A0474","3438 MCKINLEY AVE, Los Angeles, CA, 90011","Match","Exact","3438 MCKINLEY AVE, LOS ANGELES, CA, 90011","-118.260382953065,34.012650923784","141619798","L","06","037","228310","1004"
"A0112","448 BRODERICK ST, San Francisco, CA, ","Match","Exact","448 BRODERICK ST, SAN FRANCISCO, CA, 94117","-122.439298239317,37.77431322716","192283392","R","06","075","016400","1004"
"A0233","30 MEDFIELD ST, Boston, MA, 02215","Match","Exact","30 MEDFIELD ST, BOSTON, MA, 02215","-71.105981333095,42.345263577025","85741886","L","25","025","010204","2008"
"A0354","73 LUBEC ST, Boston, MA, 02128","Match","Exact","73 LUBEC ST, BOSTON, MA, 02128","-71.033000779013,42.370721531914","85711622","R","25","025","050500","1003"
"A0475","361 FIRST ST, Hoboken, NJ, ","Match","Exact","361 1ST ST, HOBOKEN, NJ, 07030","-74.035828506414,40.73824152843","59605605","L","34","017","019200","1001"
"A0230","85 Hancock St, Cambridge, MA, ","Match","Exact","85 HANCOCK ST, CAMBRIDGE, MA, 02139","-71.10823462185,42.36894090845","86868890","L","25","017","353800","1003"
"A0351","628 HYDE ST, San Francisco, CA, ","Match","Exact","628 HYDE ST, SAN FRANCISCO, CA, 94109","-122.41643664948,37.786610489702","192280712","R","06","075","012204","3000"
"A0472","321 WILLOW AVE, Hoboken, NJ, ","Match","Exact","321 WILLOW AVE, HOBOKEN, NJ, 07030","-74.033572724402,40.740882326316","59606960","R","34","017","018800","3002"
"A0110","130-132 2ND AVE, Newark, NJ, ","Match","Non_Exact","132 2ND AVE, NEWARK, NJ, 07104","-74.174745021871,40.763265479466","63455058","L","34","013","009400","2003"
"A0231","521 ARGUELLO BL, San Francisco, CA, ","Match","Exact","521 ARGUELLO BLVD, SAN FRANCISCO, CA, 94118","-122.458904742326,37.780784398048","640963936","R","06","075","045100","1000"
"A0352","40-42 MT PROSPECT AVE, Newark, NJ, ","Tie"
"A0473","20 Phillips ST, Boston, MA, 02114","Match","Exact","20 PHILLIPS ST, BOSTON, MA, 02114","-71.067296757754,42.360298905905","647317657","L","25","025","020200","2003"
"A0115","397 05TH AV, San Francisco, CA, ","No_Match"
"A0236","1110 JACKSON ST, San Francisco, CA, ","Match","Exact","1110 JACKSON ST, SAN FRANCISCO, CA, 94133","-122.41341354471,37.795227211112","652198636","R","06","075","010800","3002"
"A0357","173 07TH ST, San Francisco, CA, ","No_Match"
"A0478","3860 CHEROKEE AVE, San Diego, CA, 92104","Match","Exact","3860 CHEROKEE AVE, SAN DIEGO, CA, 92104","-117.114420057856,32.748446614415","195346692","L","06","073","002401","2002"
"A0116","36 PROSPECT ST., Jersey City, NJ, ","Match","Exact","36 PROSPECT ST, JERSEY CITY, NJ, 07307","-74.049245065733,40.73782973401","651866327","R","34","017","001300","2004"
"A0237","36 VALLEY ST, San Francisco, CA, ","Match","Exact","36 VALLEY ST, SAN FRANCISCO, CA, 94110","-122.423160521356,37.744772339215","640948204","R","06","075","021500","2004"
"A0358","717 N 6TH ST, Newark, NJ, ","Match","Exact","717 N 6TH ST, NEWARK, NJ, 07107","-74.179007529056,40.773922773441","63494766","R","34","013","000200","1001"
"A0479","12948 MOORPARK ST, Los Angeles, CA, 91604","Match","Non_Exact","12948 MOORPARK ST, STUDIO CITY, CA, 91604","-118.415275590675,34.150301392175","141565267","L","06","037","143500","3005"
"A0113","3151 ETON AVE, Berkeley, CA, 94705","Match","Exact","3151 ETON AVE, BERKELEY, CA, 94705","-122.250637537308,37.853156920269","124999175","L","06","001","423800","3014"
"A0234","2212 BLAKE ST, Berkeley, CA, 94704","Match","Exact","2212 BLAKE ST, BERKELEY, CA, 94704","-122.26472014852,37.863354369764","124998385","R","06","001","423602","1003"
"A0355","10701 AMESTOY AVE, Los Angeles, CA, 91344","Match","Non_Exact","10701 AMESTOY AVE, GRANADA HILLS, CA, 91344","-118.506705841287,34.264856666784","141542467","L","06","037","111202","3018"
"A0476","26-28 COTTAGE ST, Newark, NJ, ","Match","Non_Exact","28 COTTAGE ST, NEWARK, NJ, 07102","-74.171964638319,40.728822422354","63468142","R","34","013","008000","2020"
"A0114","3743 INDIA ST, San Diego, CA, 92103","Match","Exact","3743 INDIA ST, SAN DIEGO, CA, 92103","-117.180736253153,32.74279009558","195341898","R","06","073","000202","1005"
"A0235","6736 SELMA AVE, Los Angeles, CA, 90028","Match","Exact","6736 SELMA AVE, LOS ANGELES, CA, 90028","-118.337259232832,34.099644694718","141594576","L","06","037","190701","2005"
"A0356","16 Brainerd RD, Boston, MA, 02134","Match","Exact","16 BRAINERD RD, BOSTON, MA, 02134","-71.130629546012,42.348858680092","85695670","L","25","025","000704","2000"
"A0477","2250 MISSION ST, San Francisco, CA, ","Match","Exact","2250 MISSION ST, SAN FRANCISCO, CA, 94110","-122.419353294864,37.761016013708","192287532","R","06","075","020802","2002"
"A0360","140 NEW YORK AVE., Jersey City, NJ, ","Match","Exact","140 NEW YORK AVE, JERSEY CITY, NJ, 07307","-74.047111900025,40.741104245751","59605185","R","34","017","001300","1003"
"A0481","536 LEAVENWORTH ST, San Francisco, CA, ","Match","Exact","536 LEAVENWORTH ST, SAN FRANCISCO, CA, 94109","-122.414634028725,37.786028326648","642879893","R","06","075","012302","2001"
"A0240","4135 38TH ST, San Diego, CA, 92105","Match","Exact","4135 38TH ST, SAN DIEGO, CA, 92105","-117.111779263182,32.752138713798","195346741","R","06","073","002201","1008"
"A0361","15 Berkshire St, Cambridge, MA, ","Match","Exact","15 BERKSHIRE ST, CAMBRIDGE, MA, 02141","-71.092040596292,42.368426537915","86869635","L","25","017","352600","2007"
"A0482","101 CLIFTON PL., Jersey City, NJ, ","Match","Exact","101 CLIFTON PL, JERSEY CITY, NJ, 07304","-74.06487503221,40.721027897402","624560701","L","34","017","003102","2001"
"A0480","4046 N 43RD ST, San Diego, CA, 92105","Match","Non_Exact","4046 43RD ST, SAN DIEGO, CA, 92105","-117.102033252477,32.750481775488","195346997","L","06","073","002202","1009"
"A0108","13 JEFFERSON AVE., Jersey City, NJ, ","Match","Exact","13 JEFFERSON AVE, JERSEY CITY, NJ, 07306","-74.049970012264,40.736287315576","59605166","L","34","017","001400","1005"
"A0229","5164 03RD ST, San Francisco, CA, ","No_Match"
"A0109","2922 OTIS ST, Berkeley, CA, 94703","Match","Exact","2922 OTIS ST, BERKELEY, CA, 94703","-122.270269918923,37.8558347046","124994689","R","06","001","423500","3006"
"A0106","250 FREMONT ST, San Francisco, CA, ","Match","Exact","250 FREMONT ST, SAN FRANCISCO, CA, 94105","-122.394074444911,37.788294915739","192295763","R","06","075","061503","1000"
"A0227","1401 HUDSON ST, Hoboken, NJ, ","Match","Exact","1401 HUDSON ST, HOBOKEN, NJ, 07030","-74.025132220092,40.752162276083","59600273","R","34","017","018302","1010"
"A0348","229 CLINTON ST, Hoboken, NJ, ","Match","Exact","229 CLINTON ST, HOBOKEN, NJ, 07030","-74.034849797859,40.739876679452","59605597","R","34","017","019100","1000"
"A0469","2701 SHATTUCK AVE, Berkeley, CA, 94705","Match","Exact","2701 SHATTUCK AVE, BERKELEY, CA, 94705","-122.266948509568,37.860021095027","617285940","L","06","001","423500","2001"
"A0107","10635 SHERMAN GROVE AVE, Los Angeles, CA, 91040","Match","Non_Exact","10635 SHERMAN GROVE AVE, SUNLAND, CA, 91040","-118.32017657606,34.262255890509","141587499","L","06","037","103201","1009"
"A0228","225 COLLINGWOOD ST, San Francisco, CA, ","Match","Exact","225 COLLINGWOOD ST, SAN FRANCISCO, CA, 94114","-122.43584550357,37.758806229242","192284484","L","06","075","020500","2005"
"A0349","2400 DANA ST, Berkeley, CA, 94704","Match","Exact","2400 DANA ST, BERKELEY, CA, 94704","-122.261163802946,37.866568691092","124998382","R","06","001","422800","4000"
"A0100","4732 BANCROFT ST, San Diego, CA, 92116","Match","Exact","4732 BANCROFT ST, SAN DIEGO, CA, 92116","-117.123977567896,32.764095185337","612867858","L","06","073","001802","4003"
"A0221","191 Park DR, Boston, MA, 02215","Match","Exact","191 PARK DR, BOSTON, MA, 02215","-71.100162328229,42.341033010088","637162132","R","25","025","010205","2001"
"A0342","49 Roseland St, Cambridge, MA, ","Match","Exact","49 ROSELAND ST, CAMBRIDGE, MA, 02140","-71.116972926785,42.386748328179","640153436","L","25","017","353600","3002"
"A0463","4 BEECHWOOD ST, Boston, MA, 02121","Match","Exact","4 BEECHWOOD ST, BOSTON, MA, 02121","-71.074772762892,42.30507257807","85741911","L","25","025","091800","3002"
"A0101","315-319 FAIRMOUNT AVENUE, Jersey City, NJ, ","Match","Non_Exact","319 FAIRMOUNT AVE, JERSEY CITY, NJ, 07306","-74.070809872433,40.725229747686","59604482","L","34","017","002800","3000"
"A0222","1901 VALLEJO ST, San Francisco, CA, ","Match","Exact","1901 VALLEJO ST, SAN FRANCISCO, CA, 94123","-122.428597910742,37.795996387914","642621305","L","06","075","013102","2001"
"A0343","408-410 5TH ST, Newark, NJ, ","Match","Non_Exact","410 N 5TH ST, NEWARK, NJ, 07107","-74.184299638763,40.762180695094","63494778","L","34","013","000800","1005"
"A0464","2-98 DABNEY ST, Boston, MA, 02119","Match","Non_Exact","98 DABNEY ST, BOSTON, MA, 02119","-71.084731974369,42.324057161703","85700549","R","25","025","081700","1003"
"A0340","14735 ROSCOE BLVD, Los Angeles, CA, 91402","Match","Non_Exact","14735 ROSCOE BLVD, PANORAMA CITY, CA, 91402","-118.454598749429,34.22154746833","648151914","R","06","037","120106","3000"
"A0461","735 11TH AV, San Francisco, CA, ","Match","Exact","735 11TH AVE, SAN FRANCISCO, CA, 94118","-122.469251256406,37.774456141897","192281832","R","06","075","045201","1004"
"A0220","21-23 Faulkner ST, Boston, MA, 02122","Match","Non_Exact","23 FAULKNER ST, BOSTON, MA, 02122","-71.061535322591,42.29951865269","85713424","R","25","025","092200","1000"
"A0341","4225 50TH ST, San Diego, CA, 92115","Match","Exact","4225 50TH ST, SAN DIEGO, CA, 92115","-117.086787563421,32.753521698227","195350130","R","06","073","002708","4001"
"A0462","128 ST. PAULS AVE., Jersey City, NJ, ","Match","Exact","128 ST PAULS AVE, JERSEY CITY, NJ, 07306","-74.05676729519,40.736518619808","59605034","R","34","017","001201","1006"
"A0104","409 5TH ST, Newark, NJ, ","Match","Non_Exact","409 N 5TH ST, NEWARK, NJ, 07107","-74.184328525177,40.761814283797","63494778","R","34","013","000800","1006"
"A0225","1627 JACKSON ST, San Francisco, CA, ","Match","Exact","1627 JACKSON ST, SAN FRANCISCO, CA, 94109","-122.421842293682,37.794030087633","640940786","L","06","075","011001","2001"
"A0346","AUBURN DR, San Diego, CA, 92105","No_Match"
"A0467","24 ST ALBANS RD, Boston, MA, 02115","Match","Exact","24 ST ALBANS RD, BOSTON, MA, 02115","-71.106997184859,42.333878417918","85728359","L","25","025","081001","3000"
"A0105","140 PORTOLA DR, San Francisco, CA, ","Match","Exact","140 PORTOLA DR, SAN FRANCISCO, CA, 94131","-122.444191229026,37.748652213279","641009763","R","06","075","020402","1000"
"A0226","663 MASSACHUSETTS AV, Boston, MA, 02118","Match","Exact","663 MASSACHUSETTS AVE, BOSTON, MA, 02118","-71.0764696579,42.335912589034","640250794","L","25","025","071101","2004"
"A0347","2142 2ND AVE, San Diego, CA, 92101","Match","Exact","2142 2ND AVE, SAN DIEGO, CA, 92101","-117.163065698172,32.727653319366","195343436","L","06","073","005900","2011"
"A0468","13 Shepard St, Cambridge, MA, ","Match","Exact","13 SHEPARD ST, CAMBRIDGE, MA, 02138","-71.121015754447,42.381661514871","86867954","R","25","017","354000","1007"
"A0102","124 BLOOMFIELD ST, Hoboken, NJ, ","Match","Exact","124 BLOOMFIELD ST, HOBOKEN, NJ, 07030","-74.031684861444,40.737933172158","59607018","L","34","017","019300","1000"
"A0223","504 COURT ST, Hoboken, NJ, ","Match","Exact","504 COURT ST, HOBOKEN, NJ, 07030","-74.028940035026,40.742214718476","59606915","L","34","017","018701","2002"
"A0344","238 & 242 GARFIELD AVE., Jersey City, NJ, ","Match","Non_Exact","242 GARFIELD AVE, JERSEY CITY, NJ, 07305","-74.091122112815,40.692246111645","59603341","R","34","017","006300","3006"
"A0465","141 Oxford St, Cambridge, MA, ","Match","Exact","141 OXFORD ST, CAMBRIDGE, MA, 02140","-71.116210705332,42.385287646163","640148261","L","25","017","353600","3009"
"A0103","2161 ALLSTON WAY, Berkeley, CA, 94704","Match","Exact","2161 ALLSTON WAY, BERKELEY, CA, 94704","-122.266218694007,37.869701586713","606184374","L","06","001","422902","2007"
"A0224","8727 TOBIAS AVE, Los Angeles, CA, 91402","Match","Non_Exact","8727 TOBIAS AVE, PANORAMA CITY, CA, 91402","-118.451718756162,34.228507480493","142714050","L","06","037","120103","2000"
"A0345","153 W VERNON AVE, Los Angeles, CA, 90037","Match","Exact","153 W VERNON AVE, LOS ANGELES, CA, 90037","-118.275158399166,34.003875826453","141608238","R","06","037","231800","2003"
"A0466","115 NORWAY ST, Boston, MA, 02115","Match","Exact","115 NORWAY ST, BOSTON, MA, 02115","-71.088829313111,42.345351761852","85722031","R","25","025","010403","2002"
"A0470","1919 CURTIS ST, Berkeley, CA, 94702","Match","Exact","1919 CURTIS ST, BERKELEY, CA, 94702","-122.289620577483,37.870650504933","606259472","L","06","001","422200","3013"
"A0350","1051 WEST SIDE AVE., Jersey City, NJ, ","Match","Exact","1051 W SIDE AVE, JERSEY CITY, NJ, 07306","-74.070961149168,40.735168801416","59603927","L","34","017","001800","1009"
"A0471","332-334 GARDEN ST, Hoboken, NJ, ","Match","Non_Exact","334 GARDEN ST, HOBOKEN, NJ, 07030","-74.031817207369,40.74074767044","59606969","L","34","017","018800","3001"
"A0018","1906 BONITA AVE, Berkeley, CA, 94704","Match","Exact","1906 BONITA AVE, BERKELEY, CA, 94704","-122.272116073506,37.873088577747","606109954","R","06","001","422400","2003"
"A0139","54 STUYVESANT AVE., Jersey City, NJ, ","Match","Exact","54 STUYVESANT AVE, JERSEY CITY, NJ, 07306","-74.071034378592,40.729943720291","59603943","R","34","017","002900","1002"
"A0019","3820 HAINES ST, San Diego, CA, 92109","Match","Exact","3820 HAINES ST, SAN DIEGO, CA, 92109","-117.239511773112,32.788734586305","195303370","L","06","073","007701","3004"
"A0012","1064 SUMMIT AVE., Jersey City, NJ, ","Match","Exact","1064 SUMMIT AVE, JERSEY CITY, NJ, 07307","-74.048775549263,40.751188750138","59600108","R","34","017","000200","3004"
"A0133","8819 LANKERSHIM BLVD, Los Angeles, CA, 91352","Match","Non_Exact","8819 LANKERSHIM BLVD, SUN VALLEY, CA, 91352","-118.387834588124,34.229428423859","141552872","L","06","037","121222","3019"
"A0254","805 WASHINGTON ST, Hoboken, NJ, ","Match","Exact","805 WASHINGTON ST, HOBOKEN, NJ, 07030","-74.028189698217,40.746063788663","59606931","R","34","017","018702","1000"
"A0375","1880 FULTON ST, San Francisco, CA, ","Match","Exact","1880 FULTON ST, SAN FRANCISCO, CA, 94117","-122.447766948778,37.775695071124","192282256","R","06","075","015701","2005"
"A0496","512 32ND ST, San Diego, CA, 92102","Match","Exact","512 32ND ST, SAN DIEGO, CA, 92102","-117.125336741291,32.710782090084","657390649","L","06","073","004000","3000"
"A0013","137 N 11TH ST, Newark, NJ, ","Match","Exact","137 N 11TH ST, NEWARK, NJ, 07107","-74.191694841632,40.759893850085","618468167","R","34","013","000700","2001"
"A0134","101 Norfolk ST, Boston, MA, 02124","Match","Exact","101 NORFOLK ST, BOSTON, MA, 02124","-71.076008765993,42.288488914986","85705922","R","25","025","100500","4005"
"A0255","851 E 51ST ST, Los Angeles, CA, 90011","Match","Exact","851 E 51ST ST, LOS ANGELES, CA, 90011","-118.260152086488,33.996666263731","141670510","L","06","037","229200","2004"
"A0376","ST JAMES ST, Boston, MA, 02119","No_Match"
"A0497","3750 29TH ST, San Diego, CA, 92104","Match","Exact","3750 29TH ST, SAN DIEGO, CA, 92104","-117.131053086987,32.74637529596","195345692","L","06","073","001400","1006"
"A0010","134 Oxford St, Cambridge, MA, ","Match","Exact","134 OXFORD ST, CAMBRIDGE, MA, 02140","-71.1160583909,42.385333082376","640148261","R","25","017","353600","1000"
"A0131","43 POPLAR ST., Jersey City, NJ, ","Match","Exact","43 POPLAR ST, JERSEY CITY, NJ, 07307","-74.046101194189,40.754136146986","59600119","L","34","017","000200","1006"
"A0252","15514 CHASE ST, Los Angeles, CA, 91343","Match","Non_Exact","15514 CHASE ST, NORTH HILLS, CA, 91343","-118.470326035112,34.224605812398","141549196","L","06","037","117408","1003"
"A0373","1315 SPRUCE ST, Berkeley, CA, 94709","Match","Exact","1315 SPRUCE ST, BERKELEY, CA, 94709","-122.266249122343,37.883557224033","124998149","L","06","001","421600","3008"
"A0494","2641 FRANKLIN ST, San Francisco, CA, ","Match","Exact","2641 FRANKLIN ST, SAN FRANCISCO, CA, 94123","-122.425776460433,37.798725772954","192279887","L","06","075","013001","1002"
"A0011","834-836 RAYMOND BLVD, Newark, NJ, ","Match","Non_Exact","836 RAYMOND BLVD, NEWARK, NJ, 07105","-74.156177797252,40.732646449965","641277539","L","34","013","007900","1006"
"A0132","587 N 6TH ST, Newark, NJ, ","Match","Exact","587 N 6TH ST, NEWARK, NJ, 07107","-74.181410596224,40.76934816412","63494768","R","34","013","000200","2004"
"A0253","2250 NORTH POINT ST, San Francisco, CA, ","Match","Exact","2250 N POINT ST, SAN FRANCISCO, CA, 94123","-122.444275084577,37.802722582821","192279409","R","06","075","012700","1010"
"A0374","686 S ARDMORE AVE, Los Angeles, CA, 90005","Match","Exact","686 S ARDMORE AVE, LOS ANGELES, CA, 90005","-118.301920522459,34.060247782434","653190653","L","06","037","212410","1000"
"A0495","230 VAN HORNE ST., Jersey City, NJ, ","Match","Exact","230 VAN HORNE ST, JERSEY CITY, NJ, 07304","-74.063078920845,40.713022199008","59604834","R","34","017","004600","1001"
"A0016","3515 FILLMORE ST, San Francisco, CA, ","Match","Exact","3515 FILLMORE ST, SAN FRANCISCO, CA, 94123","-122.436684852142,37.801874337429","192279492","L","06","075","012601","2005"
"A0137","65-71 NORFLOK ST, Newark, NJ, ","Match","Non_Exact","71 NORFOLK ST, NEWARK, NJ, 07103","-74.182685493475,40.74650540714","63466919","R","34","013","001000","2017"
"A0258","471 COLUMBIA RD, Boston, MA, 02125","Match","Exact","471 COLUMBIA RD, BOSTON, MA, 02125","-71.067499784037,42.314021035494","85735187","R","25","025","091500","1004"
"A0379","1336 BRUNNER ST, San Diego, CA, 92110","Match","Exact","1336 BRUNNER ST, SAN DIEGO, CA, 92110","-117.189895788824,32.769172247535","612863393","L","06","073","009107","3009"
"A0017","225 DUNCAN AVE., Jersey City, NJ, ","Match","Exact","225 DUNCAN AVE, JERSEY CITY, NJ, 07306","-74.079234576768,40.7277629714","59604127","L","34","017","002700","2000"
"A0138","1033 E 51ST ST, Los Angeles, CA, 90011","Match","Exact","1033 E 51ST ST, LOS ANGELES, CA, 90011","-118.257577562794,33.996685074769","141670518","L","06","037","229200","1006"
"A0259","872 NORTH POINT ST, San Francisco, CA, ","Match","Exact","872 N POINT ST, SAN FRANCISCO, CA, 94109","-122.421551166436,37.805617181224","192280198","R","06","075","010202","1012"
"A0014","5907 CAHUENGA BLVD, Los Angeles, CA, 91601","Match","Non_Exact","5907 CAHUENGA BLVD, NORTH HOLLYWOOD, CA, 91601","-118.361636078081,34.177801731811","141591490","L","06","037","124300","1002"
"A0135","843 CLAY ST, San Francisco, CA, ","Match","Exact","843 CLAY ST, SAN FRANCISCO, CA, 94108","-122.40698604858,37.794118952125","192281211","L","06","075","011800","1002"
"A0256","327 JACKSON ST, Hoboken, NJ, ","Match","Exact","327 JACKSON ST, HOBOKEN, NJ, 07030","-74.0400671093,40.742101329412","59605375","R","34","017","019000","3001"
"A0377","206 BLOOMFIELD ST, Hoboken, NJ, ","Match","Exact","206 BLOOMFIELD ST, HOBOKEN, NJ, 07030","-74.031363571985,40.738998730944","59607001","L","34","017","018800","3005"
"A0498","684-686 SUMMER AVE, Newark, NJ, ","Match","Non_Exact","686 SUMMER AVE, NEWARK, NJ, 07104","-74.163386701052,40.775387981092","63455010","L","34","013","009500","4000"
"A0015","15 Everett St, Cambridge, MA, ","Match","Exact","15 EVERETT ST, CAMBRIDGE, MA, 02138","-71.118720021347,42.379980886163","642579819","L","25","017","353600","2008"
"A0136","920 HUDSON ST, Hoboken, NJ, ","Match","Exact","920 HUDSON ST, HOBOKEN, NJ, 07030","-74.026733524669,40.747367988246","59606939","L","34","017","018702","3003"
"A0257","5 COMMER CT, San Francisco, CA, ","Match","Exact","5 COMMER CT, SAN FRANCISCO, CA, 94124","-122.384674255589,37.732351895037","641023845","R","06","075","023102","2004"
"A0378","4053 IDAHO ST, San Diego, CA, 92104","Match","Exact","4053 IDAHO ST, SAN DIEGO, CA, 92104","-117.133775905803,32.751323560417","195345390","R","06","073","001302","1003"
"A0499","8519 WILLIS AVE, Los Angeles, CA, 91402","Match","Non_Exact","8519 WILLIS AVE, PANORAMA CITY, CA, 91402","-118.455356959313,34.225076986186","648859626","L","06","037","120107","2000"
"A0140","459 BEACON ST, Boston, MA, 02115","Match","Exact","459 BEACON ST, BOSTON, MA, 02115","-71.088098655836,42.351156189935","642551816","L","25","025","010802","2002"
"A0261","525 ADAMS ST, Hoboken, NJ, ","Match","Exact","525 ADAMS ST, HOBOKEN, NJ, 07030","-74.03569006655,40.743627056924","59605416","R","34","017","018900","1005"
"A0382","119 DAY ST, San Francisco, CA, ","Match","Exact","119 DAY ST, SAN FRANCISCO, CA, 94131","-122.425132126354,37.742927740317","652201098","L","06","075","021500","3005"
"A0020","646-648 N 6TH ST, Newark, NJ, ","Match","Non_Exact","648 N 6TH ST, NEWARK, NJ, 07107","-74.180587460657,40.771224225449","63494767","L","34","013","000300","1008"
"A0141","2601 43RD AV, San Francisco, CA, ","Match","Exact","2601 43RD AVE, SAN FRANCISCO, CA, 94116","-122.501210314083,37.73813158911","192277152","R","06","075","035400","5000"
"A0262","2924 E JUNIPER ST, San Diego, CA, 92104","Match","Non_Exact","2924 JUNIPER ST, SAN DIEGO, CA, 92104","-117.13126954968,32.729713456435","195346078","L","06","073","004300","3010"
"A0383","1908 CALIFORNIA ST, Berkeley, CA, 94703","Match","Exact","1908 CALIFORNIA ST, BERKELEY, CA, 94703","-122.280023113182,37.872036512971","124993672","R","06","001","422300","3003"
"A0380","GREENVILLE ST, Boston, MA, 02119","No_Match"
"A0260","2479 LE CONTE AVE, Berkeley, CA, 94709","Match","Exact","2479 LE CONTE AVE, BERKELEY, CA, 94709","-122.261370866713,37.87682628993","637735662","L","06","001","422500","3001"
"A0381","521-523 MARKET ST, Newark, NJ, ","Match","Non_Exact","523 MARKET ST, NEWARK, NJ, 07105","-74.155856508272,40.732015014036","63468485","L","34","013","007900","1005"
"A0009","322-322.5 Western Ave, Cambridge, MA, ","Tie"
"A0007","4257 SAN PEDRO PL, Los Angeles, CA, 90011","Match","Exact","4257 SAN PEDRO PL, LOS ANGELES, CA, 90011","-118.271165204282,34.006235579229","141619819","R","06","037","228420","1005"
"A0128","Harvard ST, Boston, MA, 02124","No_Match"
"A0249","498-500 HAWTHORNE AVE, Newark, NJ, ","Match","Non_Exact","500 HAWTHORNE AVE, NEWARK, NJ, 07112","-74.215280471054,40.719775769166","63465088","L","34","013","004300","1013"
"A0008","1065 SUMMIT AVENUE, Jersey City, NJ, ","Match","Exact","1065 SUMMIT AVE, JERSEY CITY, NJ, 07307","-74.049026204465,40.751069898526","59600108","L","34","017","000200","3003"
"A0129","526-532 MULBERRY ST, Newark, NJ, ","Match","Non_Exact","532 MULBERRY ST, NEWARK, NJ, 07114","-74.176858130312,40.719764997574","63467954","L","34","013","006800","2016"
"A0001","6238 DE LONGPRE AVE, Los Angeles, CA, 90028","Match","Exact","6238 DE LONGPRE AVE, LOS ANGELES, CA, 90028","-118.324865073863,34.096133031379","141599828","L","06","037","190801","2003"
"A0122","4812 S BROADWAY, Los Angeles, CA, 90037","Match","Exact","4812 S BROADWAY, LOS ANGELES, CA, 90037","-118.278252342985,33.999020066962","141608259","L","06","037","231901","1002"
"A0243","664 OCEAN AVE., Jersey City, NJ, ","Match","Exact","664 OCEAN AVE, JERSEY CITY, NJ, 07305","-74.076659540243,40.709014299361","59604451","R","34","017","004500","3004"
"A0364","125 03RD AV, San Francisco, CA, ","No_Match"
"A0485","296-302 Western Ave, Cambridge, MA, ","Match","Non_Exact","302 WESTERN AVE, CAMBRIDGE, MA, 02139","-71.112809787533,42.364518126675","86869675","L","25","017","359400","1005"
"A0002","1031-1035 CLINTON ST, Hoboken, NJ, ","Match","Non_Exact","1035 CLINTON ST, HOBOKEN, NJ, 07030","-74.03181724923,40.74981078208","59616674","R","34","017","018501","1001"
"A0123","123 Condor ST, Boston, MA, 02128","Match","Exact","123 CONDOR ST, BOSTON, MA, 02128","-71.035437146913,42.382539410028","85711245","R","25","025","050101","1000"
"A0244","1126 HUDSON ST, Hoboken, NJ, ","Match","Exact","1126 HUDSON ST, HOBOKEN, NJ, 07030","-74.025921583962,40.75007710711","59608300","L","34","017","018702","2001"
"A0365","3940 IDAHO ST, San Diego, CA, 92104","Match","Exact","3940 IDAHO ST, SAN DIEGO, CA, 92104","-117.13391504862,32.749235987165","195345399","L","06","073","001302","3002"
"A0486","2280 MISSION ST, San Francisco, CA, ","Match","Exact","2280 MISSION ST, SAN FRANCISCO, CA, 94110","-122.419309809634,37.760560895514","192287532","R","06","075","020802","2002"
"A0120","139 ELM ST, Newark, NJ, ","Match","Exact","139 ELM ST, NEWARK, NJ, 07105","-74.165047104124,40.72835234588","63468300","L","34","013","007900","3011"
"A0241","913 GARDEN ST, Hoboken, NJ, ","Match","Exact","913 GARDEN ST, HOBOKEN, NJ, 07030","-74.029507685512,40.747790932129","59606890","R","34","017","018600","1000"
"A0362","368 RIVERWAY ST, Boston, MA, 02115","Match","Non_Exact","368 RIVERWAY, BOSTON, MA, 02115","-71.110791246894,42.334291810524","657546272","L","25","025","081001","4003"
"A0483","1580 MARKET ST, San Francisco, CA, ","Match","Exact","1580 MARKET ST, SAN FRANCISCO, CA, 94102","-122.420119239496,37.774588554781","642621953","L","06","075","016802","1000"
"A0121","4079 FRONT ST, San Diego, CA, 92103","Match","Exact","4079 FRONT ST, SAN DIEGO, CA, 92103","-117.16494526813,32.751421595306","195342531","R","06","073","000400","2007"
"A0242","85-87 SIERRA RD, Boston, MA, 02136","Match","Non_Exact","87 SIERRA RD, BOSTON, MA, 02136","-71.126219924108,42.23648761117","85731909","L","25","025","140201","1007"
"A0363","2451 SHATTUCK AVE, Berkeley, CA, 94704","Match","Exact","2451 SHATTUCK AVE, BERKELEY, CA, 94704","-122.267324831145,37.864690284096","606280718","L","06","001","422901","1004"
"A0484","1801 08TH AV, San Francisco, CA, ","No_Match"
"A0005","1609 ADDISON ST, Berkeley, CA, 94703","Match","Exact","1609 ADDISON ST, BERKELEY, CA, 94703","-122.279293972449,37.869830696926","124993919","L","06","001","423000","1011"
"A0126","1350 POTRERO AV, San Francisco, CA, ","Match","Exact","1350 POTRERO AVE, SAN FRANCISCO, CA, 94110","-122.406250403098,37.750954392609","641011815","R","06","075","022903","3000"
"A0247","4957 CAPE MAY AVE, San Diego, CA, 92107","Match","Exact","4957 CAPE MAY AVE, SAN DIEGO, CA, 92107","-117.248171449465,32.748875084016","195339062","L","06","073","007502","3003"
"A0368","1430 FRANCISCO ST, San Francisco, CA, ","Match","Exact","1430 FRANCISCO ST, SAN FRANCISCO, CA, 94123","-122.428752796943,37.802780409256","192279829","R","06","075","012901","2003"
"A0489","204 GRAND ST, Hoboken, NJ, ","Match","Exact","204 GRAND ST, HOBOKEN, NJ, 07030","-74.036041272823,40.739786868515","59605594","L","34","017","019100","1002"
"A0006","69-71 WESTLAND AV, Boston, MA, 02115","Match","Non_Exact","71 WESTLAND AVE, BOSTON, MA, 02115","-71.08876547331,42.343794186875","85733011","R","25","025","010403","1002"
"A0127","10029 SEPULVEDA BLVD, Los Angeles, CA, 91345","Match","Non_Exact","10029 N SEPULVEDA BLVD, MISSION HILLS, CA, 91345","-118.467596873721,34.252367056179","241188551","L","06","037","109603","3010"
"A0248","941 S KENMORE AVE, Los Angeles, CA, 90006","Match","Exact","941 S KENMORE AVE, LOS ANGELES, CA, 90006","-118.296589306557,34.054561165408","141605049","R","06","037","212305","1005"
"A0369","3260 CALIFORNIA ST, Berkeley, CA, 94703","Match","Exact","3260 CALIFORNIA ST, BERKELEY, CA, 94703","-122.276013172823,37.848609498456","606335912","R","06","001","424001","4003"
"A0003","876-878 S 14TH ST, Newark, NJ, ","Match","Non_Exact","878 S 14TH ST, NEWARK, NJ, 07108","-74.210426110952,40.724856764464","63465960","L","34","013","004100","3003"
"A0124","33-35 Brookline St, Cambridge, MA, ","Match","Non_Exact","35 BROOKLINE ST, CAMBRIDGE, MA, 02139","-71.102457805365,42.362941773312","642579897","R","25","017","353101","2004"
"A0245","30 WEST HOWELL ST M-D, Boston, MA, 02125","Match","Non_Exact","30 W HOWELL ST, BOSTON, MA, 02125","-71.059503187262,42.325356355842","642551518","L","25","025","090700","4012"
"A0366","230 Everett ST, Boston, MA, 02128","Match","Exact","230 EVERETT ST, BOSTON, MA, 02128","-71.030306589214,42.365643672949","85711961","L","25","025","051200","2008"
"A0487","2118 FILLMORE ST, San Francisco, CA, ","Match","Exact","2118 FILLMORE ST, SAN FRANCISCO, CA, 94115","-122.433810595937,37.789124926129","192279743","R","06","075","013500","3003"
"A0004","10050 MOUNTAIR AVE, Los Angeles, CA, 91042","Match","Non_Exact","10050 MOUNTAIR AVE, TUJUNGA, CA, 91042","-118.293109199528,34.251842346844","141588367","R","06","037","101222","1007"
"A0125","227 GRAND ST, Hoboken, NJ, ","Match","Exact","227 GRAND ST, HOBOKEN, NJ, 07030","-74.035814894303,40.740020460669","59605594","R","34","017","019100","1001"
"A0246","4386 COPELAND AVE, San Diego, CA, 92105","Match","Exact","4386 COPELAND AVE, SAN DIEGO, CA, 92105","-117.104047557974,32.756800937083","195346904","L","06","073","002100","2008"
"A0367","219 S 35TH ST, San Diego, CA, 92113","Match","Exact","219 S 35TH ST, SAN DIEGO, CA, 92113","-117.118695602941,32.704217966085","195348635","L","06","073","003501","2003"
"A0488","197 BEACON ST, Boston, MA, 02116","Match","Exact","197 BEACON ST, BOSTON, MA, 02116","-71.076768182377,42.354230756113","85697986","L","25","025","010801","2003"
"A0250","211 BALDWIN AVE., Jersey City, NJ, ","Match","Exact","211 BALDWIN AVE, JERSEY CITY, NJ, 07306","-74.060120792112,40.729192320523","59605652","L","34","017","007100","3001"
"A0371","76-80 BRUEN ST, Newark, NJ, ","Match","Non_Exact","80 BRUEN ST, NEWARK, NJ, 07105","-74.166930355672,40.730337311596","63467630","L","34","013","007900","3004"
"A0492","800 S HARVARD BLVD, Los Angeles, CA, 90005","Match","Exact","800 S HARVARD BLVD, LOS ANGELES, CA, 90005","-118.304091662787,34.057623861111","141604020","L","06","037","212420","1003"
"A0130","554 MARKET ST, Newark, NJ, ","Match","Exact","554 MARKET ST, NEWARK, NJ, 07105","-74.154426811823,40.731588087906","63477803","L","34","013","007600","1002"
"A0251","4663 33RD ST, San Diego, CA, 92116","Match","Exact","4663 33RD ST, SAN DIEGO, CA, 92116","-117.122794711786,32.762436259509","612871203","R","06","073","001802","1011"
"A0372","314 SEVENTH ST., Jersey City, NJ, ","Match","Exact","314 7TH ST, JERSEY CITY, NJ, 07302","-74.047955557321,40.726486238182","59605903","R","34","017","002300","1000"
"A0493","4450 GEARY BL, San Francisco, CA, ","Match","Exact","4450 GEARY BLVD, SAN FRANCISCO, CA, 94118","-122.466976349979,37.781029854011","192281809","R","06","075","040200","2000"
"A0490","526 ADAMS ST, Hoboken, NJ, ","Match","Exact","526 ADAMS ST, HOBOKEN, NJ, 07030","-74.035830171347,40.743676400471","59605416","L","34","017","018900","1004"
"A0370","2222 TOBERMAN ST, Los Angeles, CA, 90007","Match","Exact","2222 TOBERMAN ST, LOS ANGELES, CA, 90007","-118.281203744904,34.034721924415","141607436","L","06","037","224410","1007"
"A0491","37 IRVING ST, Newark, NJ, ","Match","Exact","37 IRVING ST, NEWARK, NJ, 07104","-74.158667478138,40.778727063623","63455791","R","34","013","009600","2006"
"A0317","2233 CHANNING WAY, Berkeley, CA, 94704","Match","Exact","2233 CHANNING WAY, BERKELEY, CA, 94704","-122.264363578265,37.866269484742","124998361","L","06","001","422800","3004"
"A0438","60-62 CAMBRIDGE AVE, Jersey City, NJ, ","Match","Non_Exact","62 CAMBRIDGE AVE, JERSEY CITY, NJ, 07307","-74.048682819823,40.744904276955","59604995","R","34","017","000700","2004"
"A0318","2041 FRANCISCO ST, Berkeley, CA, 94709","Match","Exact","2041 FRANCISCO ST, BERKELEY, CA, 94709","-122.270236431385,37.875520264007","124993901","L","06","001","422400","3005"
"A0439","225 25TH AV, San Francisco, CA, ","Match","Exact","225 25TH AVE, SAN FRANCISCO, CA, 94121","-122.485184671551,37.78525700396","192276445","R","06","075","042700","1001"
"A0315","5233 CARTWRIGHT AVE, Los Angeles, CA, 91601","Match","Non_Exact","5233 CARTWRIGHT AVE, NORTH HOLLYWOOD, CA, 91601","-118.363242167449,34.165516896714","642865379","L","06","037","125321","1001"
"A0436","832 WILLOW AVE, Hoboken, NJ, ","Match","Exact","832 WILLOW AVE, HOBOKEN, NJ, 07030","-74.031844915269,40.747085607112","59606882","L","34","017","018502","2000"
"A0316","3978 FLORIDA ST, San Diego, CA, 92104","Match","Exact","3978 FLORIDA ST, SAN DIEGO, CA, 92104","-117.143805824838,32.749889290623","195345284","L","06","073","000902","1001"
"A0437","2969 SAN MARINO ST, Los Angeles, CA, 90006","Match","Exact","2969 SAN MARINO ST, LOS ANGELES, CA, 90006","-118.293871486247,34.05457350989","141605066","R","06","037","212306","1002"
"A0319","2315 GRANT ST, Berkeley, CA, 94703","Match","Exact","2315 GRANT ST, BERKELEY, CA, 94703","-122.27469711854,37.866407956138","124993979","L","06","001","423000","2007"
"A0430","1950 ADDISON ST, Berkeley, CA, 94704","Match","Exact","1950 ADDISON ST, BERKELEY, CA, 94704","-122.272637519825,37.870562012406","655810767","R","06","001","422902","1001"
"A0310","53-55 Ashford ST, Boston, MA, 02134","Match","Non_Exact","55 ASHFORD ST, BOSTON, MA, 02134","-71.126531334249,42.354497619427","85695816","R","25","025","000805","1004"
"A0431","245 EUCLID AVE, San Diego, CA, 92114","Match","Exact","245 EUCLID AVE, SAN DIEGO, CA, 92114","-117.084936538347,32.706728960145","195351942","R","06","073","003111","1005"
"A0313","317-319 W RUNYON ST, Newark, NJ, ","Match","Non_Exact","319 W RUNYON ST, NEWARK, NJ, 07108","-74.209161967359,40.719489638436","63465995","R","34","013","005300","2006"
"A0434","1225 HYDE ST, San Francisco, CA, ","Match","Exact","1225 HYDE ST, SAN FRANCISCO, CA, 94109","-122.417712027591,37.792202707791","192280582","L","06","075","011101","2001"
"A0314","6640 LELAND WAY, Los Angeles, CA, 90028","Match","Exact","6640 LELAND WAY, LOS ANGELES, CA, 90028","-118.334062631211,34.096954047102","141599704","L","06","037","190702","1005"
"A0435","310 MONROE ST, Hoboken, NJ, ","Match","Exact","310 MONROE ST, HOBOKEN, NJ, 07030","-74.039361820557,40.741775604922","59605381","L","34","017","019000","3001"
"A0311","38-38- SOMME ST, Newark, NJ, ","Match","Non_Exact","38 SOMME ST, NEWARK, NJ, 07105","-74.150647497602,40.731405439225","636218852","L","34","013","007501","1001"
"A0432","14605 RAYEN ST, Los Angeles, CA, 91402","Match","Non_Exact","14605 RAYEN ST, PANORAMA CITY, CA, 91402","-118.450479396041,34.231842925425","141549705","R","06","037","119340","2000"
"A0312","25 ORLANDO ST, Boston, MA, 02126","Match","Exact","25 ORLANDO ST, BOSTON, MA, 02126","-71.0991080589,42.274643004403","85725836","R","25","025","101001","6000"
"A0433","720 W 27TH ST, Los Angeles, CA, 90007","Match","Exact","720 W 27TH ST, LOS ANGELES, CA, 90007","-118.278944633921,34.028044141305","141607488","L","06","037","224701","1004"
"A0306","335A Harvard St, Cambridge, MA, ","Match","Non_Exact","335A HARVARD ST, CAMBRIDGE, MA, 02139","-71.109090354517,42.370715584888","86868754","R","25","017","353800","3006"
"A0427","7665 FOUNTAIN AVE, Los Angeles, CA, 90046","Match","Non_Exact","7665 W FOUNTAIN AVE, LOS ANGELES, CA, 90046","-118.356732566622,34.094477803207","141598372","R","06","037","189802","2005"
"A0307","294-296 VAN BUREN ST, Newark, NJ, ","Match","Non_Exact","296 VAN BUREN ST, NEWARK, NJ, 07105","-74.16080945112,40.721814664163","63468699","L","34","013","007000","2000"
"A0428","312-314 MT PROSPECT AVE, Newark, NJ, ","Tie"
"A0304","4541 HAMILTON ST, San Diego, CA, 92116","Match","Exact","4541 HAMILTON ST, SAN DIEGO, CA, 92116","-117.136296909949,32.759898286948","195345248","R","06","073","001202","2001"
"A0425","650 POST ST, San Francisco, CA, ","Match","Exact","650 POST ST, SAN FRANCISCO, CA, 94109","-122.412614041685,37.787814500247","192280908","R","06","075","012100","3000"
"A0305","638 45TH AV, San Francisco, CA, ","Match","Exact","638 45TH AVE, SAN FRANCISCO, CA, 94121","-122.505895195699,37.776456954836","192276699","L","06","075","047903","2003"
"A0426","1307 COLUSA ST, San Diego, CA, 92110","Match","Exact","1307 COLUSA ST, SAN DIEGO, CA, 92110","-117.190773729749,32.768532440161","612863390","R","06","073","009107","3010"
"A0308","1032 HUDSON ST, Hoboken, NJ, ","Match","Exact","1032 HUDSON ST, HOBOKEN, NJ, 07030","-74.026323440877,40.748749351079","59606924","L","34","017","018702","3002"
"A0429","12 BLACKWOOD ST, Boston, MA, 02115","Match","Exact","12 BLACKWOOD ST, BOSTON, MA, 02115","-71.082683836307,42.34315888883","655909656","L","25","025","010500","3003"
"A0309","1706 N STANLEY AVE, Los Angeles, CA, 90046","Match","Exact","1706 N STANLEY AVE, LOS ANGELES, CA, 90046","-118.356114053762,34.101835421105","141594002","R","06","037","194101","2003"
"A0420","4419 CLEVELAND AVE, San Diego, CA, 92116","Match","Exact","4419 CLEVELAND AVE, SAN DIEGO, CA, 92116","-117.149951913385,32.757581273133","195342726","R","06","073","000500","3002"
"A0302","4-6 Clinton St, Cambridge, MA, ","Match","Non_Exact","6 CLINTON ST, CAMBRIDGE, MA, 02139","-71.106823748323,42.367516001139","86868917","R","25","017","353000","1009"
"A0423","10 CAMELOT CT, Boston, MA, 02135","Match","Exact","10 CAMELOT CT, BOSTON, MA, 02135","-71.141330315148,42.349362810146","633012943","R","25","025","000604","2002"
"A0303","188 E 35TH ST, Los Angeles, CA, 90011","Match","Exact","188 E 35TH ST, LOS ANGELES, CA, 90011","-118.271171829397,34.016877079827","141608063","R","06","037","231100","1001"
"A0424","208 JEFFERSON ST, Hoboken, NJ, ","Match","Exact","208 JEFFERSON ST, HOBOKEN, NJ, 07030","-74.037883549718,40.740157173654","59605583","L","34","017","019100","1004"
"A0300","36 Trowbridge St, Cambridge, MA, ","Match","Exact","36 TROWBRIDGE ST, CAMBRIDGE, MA, 02138","-71.111648701864,42.371850975157","650222096","R","25","017","353800","2001"
"A0421","17106 CHATSWORTH ST   APT 0001, Los Angeles, CA, 91344","Match","Non_Exact","17106 CHATSWORTH ST, GRANADA HILLS, CA, 91344","-118.505814381942,34.264737200693","142712396","L","06","037","111303","1001"
"A0301","165 Hampshire St, Cambridge, MA, ","Match","Exact","165 HAMPSHIRE ST, CAMBRIDGE, MA, 02139","-71.098439445715,42.371842605201","86869405","R","25","017","352800","1007"
"A0422","21-23 Marion St, Cambridge, MA, ","Match","Non_Exact","23 MARION ST, CAMBRIDGE, MA, 02141","-71.088992232886,42.372408944103","86870678","L","25","017","352700","2006"
"A0218","15 Richdale Ave, Cambridge, MA, ","Match","Exact","15 RICHDALE AVE, CAMBRIDGE, MA, 02140","-71.121620396425,42.388324409245","86867857","R","25","017","354700","2000"
"A0339","124 Berkshire St, Cambridge, MA, ","Match","Exact","124 BERKSHIRE ST, CAMBRIDGE, MA, 02141","-71.090029432444,42.371616346646","86870665","R","25","017","352600","2000"
"A0219","3735 32ND ST, San Diego, CA, 92104","Match","Exact","3735 32ND ST, SAN DIEGO, CA, 92104","-117.124937736826,32.746245203063","195345812","R","06","073","001500","1006"
"A0216","2309 HASTE ST, Berkeley, CA, 94704","Match","Exact","2309 HASTE ST, BERKELEY, CA, 94704","-122.262957356662,37.865531910644","124998383","L","06","001","422800","4000"
"A0337","66 MONROE ST, Newark, NJ, ","Match","Exact","66 MONROE ST, NEWARK, NJ, 07105","-74.158991782803,40.730254220709","63468478","R","34","013","007900","1016"
"A0458","1670 E 48TH PL, Los Angeles, CA, 90011","Match","Exact","1670 E 48TH PL, LOS ANGELES, CA, 90011","-118.243996855675,33.999307703621","141621333","R","06","037","228800","1000"
"A0217","170-172 Maverick ST, Boston, MA, 02128","Match","Non_Exact","172 MAVERICK ST, BOSTON, MA, 02128","-71.037362951665,42.369519627611","85711485","L","25","025","050600","2000"
"A0338","521-523 S 17TH, Newark, NJ, ","Match","Non_Exact","523 S 17TH ST, NEWARK, NJ, 07103","-74.208427714769,40.738106423692","63485463","R","34","013","002600","1008"
"A0459","202 SOUTH ST., Jersey City, NJ, ","Match","Exact","202 SOUTH ST, JERSEY CITY, NJ, 07307","-74.051069939161,40.750737802252","59600087","R","34","017","000500","1001"
"A0210","1432 N CURSON AVE, Los Angeles, CA, 90046","Match","Exact","1432 N CURSON AVE, LOS ANGELES, CA, 90046","-118.354938535163,34.096815880701","141598432","R","06","037","189802","1003"
"A0331","342-344 IRVINE TURNER BLV, Newark, NJ, ","Match","Non_Exact","344 IRVINE TURNER BLVD, NEWARK, NJ, 07108","-74.193318622525,40.722514194915","635267696","R","34","013","023200","2000"
"A0452","1310 N LAS PALMAS AVE, Los Angeles, CA, 90028","Match","Exact","1310 N LAS PALMAS AVE, LOS ANGELES, CA, 90028","-118.336242443207,34.094610686343","141599702","R","06","037","190702","2002"
"A0211","499 BEACON ST, Boston, MA, 02215","Match","Exact","499 BEACON ST, BOSTON, MA, 02215","-71.089845858115,42.350692439566","637150044","L","25","025","010104","1000"
"A0332","26 SONOMA ST, Boston, MA, 02121","Match","Exact","26 SONOMA ST, BOSTON, MA, 02121","-71.086856518884,42.308190903587","655911034","L","25","025","082100","2002"
"A0453","11 Carlisle St, Cambridge, MA, ","Match","Exact","11 CARLISLE ST, CAMBRIDGE, MA, 02139","-71.097785158487,42.372350092405","86869404","R","25","017","352800","1005"
"A0450","94 NEPTUNE AVE., Jersey City, NJ, ","Match","Exact","94 NEPTUNE AVE, JERSEY CITY, NJ, 07305","-74.094734510649,40.691942000511","59603253","R","34","017","006300","3003"
"A0330","5229 WILLOWCREST AVE, Los Angeles, CA, 91601","Match","Non_Exact","5229 WILLOWCREST AVE, NORTH HOLLYWOOD, CA, 91601","-118.362200030188,34.165448094429","141592004","L","06","037","125321","1000"
"A0451","7300 VALMONT ST, Los Angeles, CA, 91042","Match","Non_Exact","7300 VALMONT ST, TUJUNGA, CA, 91042","-118.291114794412,34.252257110602","141588372","L","06","037","101222","1007"
"A0214","358 Harvard St, Cambridge, MA, ","Match","Exact","358 HARVARD ST, CAMBRIDGE, MA, 02138","-71.110911398922,42.371082219474","86868742","L","25","017","353800","4001"
"A0335","125 BEMIS ST, San Francisco, CA, ","Match","Exact","125 BEMIS ST, SAN FRANCISCO, CA, 94131","-122.430367276697,37.737182683157","192285071","L","06","075","021800","3002"
"A0456","2151 CHATSWORTH BLVD, San Diego, CA, 92107","Match","Exact","2151 CHATSWORTH BLVD, SAN DIEGO, CA, 92107","-117.228546774402,32.738822467011","612889033","R","06","073","006900","2019"
"A0215","2295 CALIFORNIA ST, San Francisco, CA, ","Match","Exact","2295 CALIFORNIA ST, SAN FRANCISCO, CA, 94115","-122.432052589153,37.789075325053","192280002","L","06","075","015202","1001"
"A0336","151 North First St, Cambridge, MA, ","Match","Exact","151 N FIRST ST, CAMBRIDGE, MA, 02141","-71.075526736217,42.372482137906","650194854","L","25","017","352101","3004"
"A0457","1856 GREEN ST, San Francisco, CA, ","Match","Exact","1856 GREEN ST, SAN FRANCISCO, CA, 94123","-122.429684738163,37.796928164046","192279965","R","06","075","013001","2002"
"A0212","1311 SOUTH VAN NESS AV, San Francisco, CA, ","Match","Exact","1311 S VAN NESS AVE, SAN FRANCISCO, CA, 94110","-122.4161731875,37.752168513331","192288378","L","06","075","022901","1004"
"A0333","3752 33RD ST, San Diego, CA, 92104","Match","Exact","3752 33RD ST, SAN DIEGO, CA, 92104","-117.12293391208,32.746101678529","195345826","L","06","073","001500","1009"
"A0454","8944 COLUMBUS AVE, Los Angeles, CA, 91343","Match","Non_Exact","8944 COLUMBUS AVE, NORTH HILLS, CA, 91343","-118.465331558771,34.232706363083","141548966","R","06","037","117510","1001"
"A0213","11649 ACAMA ST, Los Angeles, CA, 91604","Match","Non_Exact","11649 ACAMA ST, STUDIO CITY, CA, 91604","-118.386856598286,34.145584078078","141565922","R","06","037","143602","2011"
"A0334","2025 FRANCISCO ST, Berkeley, CA, 94709","Match","Exact","2025 FRANCISCO ST, BERKELEY, CA, 94709","-122.270586610925,37.875475369217","124993901","L","06","001","422400","3005"
"A0455","78 STEVENS AVE., Jersey City, NJ, ","Match","Exact","78 STEVENS AVE, JERSEY CITY, NJ, 07305","-74.087633111396,40.701284285212","59603309","R","34","017","005801","1003"
"A0460","223-229 SHEPHARD AVE, Newark, NJ, ","Match","Non_Exact","229 SHEPHARD AVE, NEWARK, NJ, 07112","-74.211611863532,40.712390393489","63466135","R","34","013","004600","1002"
"A0207","705 W 23RD ST, Los Angeles, CA, 90007","Match","Exact","705 W 23RD ST, LOS ANGELES, CA, 90007","-118.276733095547,34.032030548439","642861384","R","06","037","224420","2001"
"A0328","1845 08TH AV, San Francisco, CA, ","No_Match"
"A0449","338 CLINTON PL, Newark, NJ, ","Match","Exact","338 CLINTON PL, NEWARK, NJ, 07112","-74.215190276398,40.712312782686","63465273","L","34","013","004600","3000"
"A0208","126 ADAMS ST, Hoboken, NJ, ","Match","Exact","126 ADAMS ST, HOBOKEN, NJ, 07030","-74.037275318111,40.738937251272","59605588","L","34","017","019100","1009"
"A0329","51 MADISON ST, Newark, NJ, ","Match","Exact","51 MADISON ST, NEWARK, NJ, 07105","-74.159407511479,40.730936900745","63468476","R","34","013","007900","1017"
"A0205","2425 GRANT ST, Berkeley, CA, 94703","Match","Exact","2425 GRANT ST, BERKELEY, CA, 94703","-122.274486388915,37.864419418207","124993985","L","06","001","423000","2012"
"A0326","46 JEFFERSON ST, Newark, NJ, ","Match","Exact","46 JEFFERSON ST, NEWARK, NJ, 07105","-74.16011411828,40.731191686503","63468457","L","34","013","007900","1017"
"A0447","208 CLINTON ST, Hoboken, NJ, ","Match","Exact","208 CLINTON ST, HOBOKEN, NJ, 07030","-74.035067789528,40.73966668696","59605597","L","34","017","019100","1001"
"A0206","401 43RD AV, San Francisco, CA, ","Match","Exact","401 43RD AVE, SAN FRANCISCO, CA, 94121","-122.504228232138,37.78106651207","192276660","R","06","075","047902","1002"
"A0327","1605 N MARTEL AVE, Los Angeles, CA, 90046","Match","Exact","1605 N MARTEL AVE, LOS ANGELES, CA, 90046","-118.350240944927,34.099942749927","141594057","L","06","037","189905","2001"
"A0448","151-153 LAFAYETTE ST, Newark, NJ, ","Match","Non_Exact","153 LAFAYETTE ST, NEWARK, NJ, 07105","-74.16637215896,40.730765527611","63467631","L","34","013","007900","3001"
"A0209","19 Trowbridge St, Cambridge, MA, ","Match","Exact","19 TROWBRIDGE ST, CAMBRIDGE, MA, 02138","-71.11237412069,42.371041072612","86868741","L","25","017","353800","4002"
"A0320","408 MADISON ST, Hoboken, NJ, ","Match","Exact","408 MADISON ST, HOBOKEN, NJ, 07030","-74.038062021201,40.742822649905","59605410","L","34","017","019000","2001"
"A0441","4017 ILLINOIS ST, San Diego, CA, 92104","Match","Exact","4017 ILLINOIS ST, SAN DIEGO, CA, 92104","-117.127623761555,32.750692356257","195345666","R","06","073","001301","2001"
"A0200","1853 N HIGHLAND AVE, Los Angeles, CA, 90028","Match","Exact","1853 N HIGHLAND AVE, LOS ANGELES, CA, 90028","-118.337549044749,34.105004287023","142726605","L","06","037","189702","2007"
"A0321","200 NUNDA AVE., Jersey City, NJ, ","Match","Exact","200 NUNDA AVE, JERSEY CITY, NJ, 07306","-74.079221896001,40.729025280221","59604174","R","34","017","002700","4002"
"A0442","7014 LANEWOOD AVE, Los Angeles, CA, 90028","Match","Exact","7014 LANEWOOD AVE, LOS ANGELES, CA, 90028","-118.341876805569,34.099151448276","141599395","L","06","037","190102","2003"
"A0440","4042 FULTON ST, San Francisco, CA, ","Match","Exact","4042 FULTON ST, SAN FRANCISCO, CA, 94118","-122.47502114247,37.773046725887","192277582","R","06","075","047600","4003"
"A0203","2986-2930 Washington ST, Boston, MA, 02119","Match","Non_Exact","2930 WASHINGTON ST, BOSTON, MA, 02119","-71.095569636405,42.31845754666","85699248","L","25","025","081500","2002"
"A0324","2003 FRANKLIN ST, San Francisco, CA, ","Match","Exact","2003 FRANKLIN ST, SAN FRANCISCO, CA, 94109","-122.424604033397,37.792904441436","192280069","L","06","075","013101","1001"
"A0445","8790 VAN NUYS BLVD, Los Angeles, CA, 91402","Match","Non_Exact","8790 VAN NUYS BLVD, PANORAMA CITY, CA, 91402","-118.450185423298,34.229751001698","141549709","R","06","037","120105","1000"
"A0204","202-208 6TH AVE W, Newark, NJ, ","Match","Non_Exact","208 6TH AVE W, NEWARK, NJ, 07107","-74.186173040995,40.756210023298","63454848","L","34","013","000900","2000"
"A0325","38A GAUTIER AVE., Jersey City, NJ, ","Match","Non_Exact","38A GAUTIER AVE, JERSEY CITY, NJ, 07306","-74.079307176087,40.72613987341","59604131","R","34","017","002700","2002"
"A0446","610 COLUMBUS AV, Boston, MA, 02118","Match","Exact","610 COLUMBUS AVE, BOSTON, MA, 02118","-71.083459763098,42.339112790328","85720327","L","25","025","080601","1007"
"A0201","2737 BENVENUE AVE, Berkeley, CA, 94705","Match","Exact","2737 BENVENUE AVE, BERKELEY, CA, 94705","-122.25463879726,37.861084663474","124998747","L","06","001","423601","1000"
"A0322","227 CYPRESS DR, San Ysidro, CA, 92173","Match","Exact","227 CYPRESS DR, SAN YSIDRO, CA, 92173","-117.045151967648,32.555470956839","195365065","L","06","073","010013","1002"
"A0443","3526 FAIRMOUNT AVE, San Diego, CA, 92105","Match","Exact","3526 FAIRMOUNT AVE, SAN DIEGO, CA, 92105","-117.101032546312,32.742658851729","195347090","L","06","073","002501","3000"
"A0202","1446 JACKSON ST, San Francisco, CA, ","Match","Exact","1446 JACKSON ST, SAN FRANCISCO, CA, 94109","-122.41889836579,37.794522791984","640405839","R","06","075","011002","3000"
"A0323","4627 COMPTON AVE, Los Angeles, CA, 90011","Match","Exact","4627 COMPTON AVE, LOS ANGELES, CA, 90011","-118.247839866285,34.001632563866","141620272","R","06","037","228720","1004"
"A0444","231 COMMONWEALTH AV, Boston, MA, 02116","Match","Exact","231 COMMONWEALTH AVE, BOSTON, MA, 02116","-71.082259034359,42.351030509952","640265761","R","25","025","010701","2001"
"A0500","8811 BURNET AVE, Los Angeles, CA, 91343","Match","Non_Exact","8811 BURNET AVE, NORTH HILLS, CA, 91343","-118.463342888059,34.230253637086","141549092","L","06","037","117520","2000"
"A0416","882 PAVONIA AVE., Jersey City, NJ, ","Match","Exact","882 PAVONIA AVE, JERSEY CITY, NJ, 07306","-74.069855824873,40.734106488592","59603932","R","34","017","001800","1007"
"A0417","4957 CAHUENGA BLVD, Los Angeles, CA, 91601","Match","Non_Exact","4957 CAHUENGA BLVD, NORTH HOLLYWOOD, CA, 91601","-118.361590637042,34.160498077424","141592116","L","06","037","125501","2009"
"A0414","1987 CALIFORNIA ST, San Francisco, CA, ","Match","Exact","1987 CALIFORNIA ST, SAN FRANCISCO, CA, 94109","-122.426993113372,37.789718887946","192280105","L","06","075","015201","1000"
"A0415","95 WAYNE ST., Jersey City, NJ, ","Match","Exact","95 WAYNE ST, JERSEY CITY, NJ, 07302","-74.046863038788,40.719860194431","59610227","L","34","017","006400","1002"
"A0418","221 SIP AVE., Jersey City, NJ, ","Match","Exact","221 SIP AVE, JERSEY CITY, NJ, 07306","-74.070139397713,40.731794725913","59603941","L","34","017","002900","1002"
"A0419","1538 HENRY ST, Berkeley, CA, 94709","Match","Exact","1538 HENRY ST, BERKELEY, CA, 94709","-122.2705189327,37.879313015271","124993872","R","06","001","421700","3005"
"A0412","229-231 GRAFTON AVE, Newark, NJ, ","Match","Non_Exact","231 GRAFTON AVE, NEWARK, NJ, 07104","-74.167287967397,40.778250739849","63454980","R","34","013","009500","1002"
"A0413","2209 GRAND AVE, San Diego, CA, 92109","Match","Exact","2209 GRAND AVE, SAN DIEGO, CA, 92109","-117.229073590912,32.800271149641","195303306","R","06","073","007800","3003"
"A0410","319 SUMMIT AVE., Jersey City, NJ, ","Match","Exact","319 SUMMIT AVE, JERSEY CITY, NJ, 07306","-74.064026798734,40.726387646101","59604597","L","34","017","003000","1004"
"A0411","1833 BERKELEY WAY, Berkeley, CA, 94703","Match","Exact","1833 BERKELEY WAY, BERKELEY, CA, 94703","-122.27465308516,37.87232876757","124993938","L","06","001","422300","3000"
"A0405","10214 FERNGLEN AVE, Los Angeles, CA, 91042","Match","Non_Exact","10214 FERNGLEN AVE, TUJUNGA, CA, 91042","-118.294269681844,34.254405539147","141588095","R","06","037","101221","1000"
"A0406","170 W Springfield ST, Boston, MA, 02118","Match","Exact","170 W SPRINGFIELD ST, BOSTON, MA, 02118","-71.079433474181,42.339468331482","640251049","L","25","025","070902","1001"
"A0403","45 Myrtle ST, Boston, MA, 02114","Match","Exact","45 MYRTLE ST, BOSTON, MA, 02114","-71.066075463637,42.359416672345","85697954","R","25","025","020200","1001"
"A0404","240 BOWERS ST., Jersey City, NJ, ","Match","Exact","240 BOWERS ST, JERSEY CITY, NJ, 07307","-74.053172054328,40.749176716976","59604891","R","34","017","000500","3001"
"A0409","4428 GRESHAM ST, San Diego, CA, 92109","Match","Exact","4428 GRESHAM ST, SAN DIEGO, CA, 92109","-117.244179056101,32.79763108496","612857176","L","06","073","007907","1002"
"A0407","4188 GREENBUSH AVE, Los Angeles, CA, 91423","Match","Non_Exact","4188 GREENBUSH AVE, SHERMAN OAKS, CA, 91423","-118.426009923389,34.146796782796","141565194","R","06","037","141102","2012"
"A0408","14375 POLK ST, Los Angeles, CA, 91342","Match","Non_Exact","14375 POLK ST, SYLMAR, CA, 91342","-118.446247129705,34.310760350581","141545825","R","06","037","106405","1002"
"A0401","257 14TH ST, San Francisco, CA, ","Match","Exact","257 14TH ST, SAN FRANCISCO, CA, 94103","-122.419001453676,37.768275245554","192287472","L","06","075","020101","2008"
"A0402","2914 LARKIN ST, San Francisco, CA, ","Match","Exact","2914 LARKIN ST, SAN FRANCISCO, CA, 94109","-122.421779262494,37.804747750317","639022874","R","06","075","010202","1013"
"A0400","174 MT PROSPECT AVE, Newark, NJ, ","Tie"
"A0078","115 BAYVIEW AVE., Jersey City, NJ, ","Match","Exact","115 BAYVIEW AVE, JERSEY CITY, NJ, 07305","-74.080499166258,40.705324743987","59604343","L","34","017","005500","1000"
"A0199","42 Bay State Rd, Cambridge, MA, ","Match","Exact","42 BAY STATE RD, CAMBRIDGE, MA, 02138","-71.140083871382,42.387191106272","86892120","R","25","017","354602","3007"
"A0079","2361 PORTLAND ST, Los Angeles, CA, 90007","Match","Exact","2361 PORTLAND ST, LOS ANGELES, CA, 90007","-118.282094130957,34.032231820463","141607437","R","06","037","224410","1008"
"A0076","304 E KINNEY ST, Newark, NJ, ","Match","Exact","304 E KINNEY ST, NEWARK, NJ, 07105","-74.162836470045,40.724076460199","63468320","L","34","013","006900","1001"
"A0197","1611 62ND ST, Berkeley, CA, 94703","Match","Exact","1611 62ND ST, BERKELEY, CA, 94703","-122.274812039507,37.846527054842","124994834","L","06","001","424001","4011"
"A0077","91 Brookline St, Cambridge, MA, ","Match","Exact","91 BROOKLINE ST, CAMBRIDGE, MA, 02139","-71.103733351887,42.361566486333","86869916","R","25","017","353200","3002"
"A0198","194 Havre ST, Boston, MA, 02128","Match","Exact","194 HAVRE ST, BOSTON, MA, 02128","-71.036497835188,42.374496794147","85724470","L","25","025","050700","1001"
"A0081","145 TAYLOR ST, San Francisco, CA, ","Match","Exact","145 TAYLOR ST, SAN FRANCISCO, CA, 94102","-122.410947938983,37.783758897294","655805923","L","06","075","012502","3000"
"A0082","63 Inman St, Cambridge, MA, ","Match","Exact","63 INMAN ST, CAMBRIDGE, MA, 02139","-71.102833387558,42.370344257321","623848481","L","25","017","352900","1001"
"A0080","690 S CATALINA ST, Los Angeles, CA, 90005","Match","Exact","690 S CATALINA ST, LOS ANGELES, CA, 90005","-118.295327996925,34.060127849082","653250360","L","06","037","212303","1000"
"A0085","1101 CHURCH ST, San Francisco, CA, ","Match","Exact","1101 CHURCH ST, SAN FRANCISCO, CA, 94114","-122.427505338235,37.753239144697","192284829","L","06","075","021100","2003"
"A0086","67 Plymouth St, Cambridge, MA, ","Match","Exact","67 PLYMOUTH ST, CAMBRIDGE, MA, 02141","-71.093495991755,42.369083221693","86869614","R","25","017","352600","2009"
"A0083","38 KENILWORTH ST, Boston, MA, 02119","Match","Exact","38 KENILWORTH ST, BOSTON, MA, 02119","-71.087424612529,42.328651609512","85724425","R","25","025","080601","3008"
"A0084","1725 CHESTNUT ST, San Francisco, CA, ","Match","Exact","1725 CHESTNUT ST, SAN FRANCISCO, CA, 94123","-122.431739349227,37.801332618559","192279795","L","06","075","012902","2003"
"A0067","1335 N VISTA ST, Los Angeles, CA, 90046","Match","Exact","1335 N VISTA ST, LOS ANGELES, CA, 90046","-118.351799391859,34.095045778052","642861879","L","06","037","189907","2000"
"A0188","2819 MCGEE AVE, Berkeley, CA, 94703","Match","Exact","2819 MCGEE AVE, BERKELEY, CA, 94703","-122.275258218951,37.856959944236","635727172","L","06","001","423400","3011"
"A0068","40-42 Clearway ST, Boston, MA, 02115","Match","Non_Exact","42 CLEARWAY ST, BOSTON, MA, 02115","-71.085769499369,42.345336985524","85697590","L","25","025","010500","1005"
"A0189","1811 CARLETON ST, Berkeley, CA, 94703","Match","Exact","1811 CARLETON ST, BERKELEY, CA, 94703","-122.273498335777,37.860487333983","124994666","L","06","001","423400","2000"
"A0065","63 Bailey ST, Boston, MA, 02124","Match","Exact","63 BAILEY ST, BOSTON, MA, 02124","-71.066465126331,42.284452236737","85715296","R","25","025","100400","1003"
"A0186","107 BEACON AVE., Jersey City, NJ, ","Match","Exact","107 BEACON AVE, JERSEY CITY, NJ, 07306","-74.054827866989,40.736920404507","59605057","L","34","017","001201","1004"
"A0066","1318 N ORANGE DR, Los Angeles, CA, 90028","Match","Exact","1318 N ORANGE DR, LOS ANGELES, CA, 90028","-118.341484249454,34.0947022093","141599457","R","06","037","190102","1005"
"A0187","146 CARLTON AVE., Jersey City, NJ, ","Match","Exact","146 CARLTON AVE, JERSEY CITY, NJ, 07306","-74.060798217241,40.744920038222","59603822","R","34","017","001000","2003"
"A0069","2277 UNION ST, San Francisco, CA, ","Match","Exact","2277 UNION ST, SAN FRANCISCO, CA, 94123","-122.436717035924,37.796874616444","192279674","L","06","075","013002","2002"
"A0070","43 Fayette St, Cambridge, MA, ","Match","Exact","43 FAYETTE ST, CAMBRIDGE, MA, 02139","-71.103267573782,42.372611705618","639009005","L","25","017","352900","2003"
"A0191","60 Kirkland St, Cambridge, MA, ","Match","Exact","60 KIRKLAND ST, CAMBRIDGE, MA, 02138","-71.110680713996,42.377309547812","86868686","R","25","017","353700","2002"
"A0071","14.5-16 Vandine St, Cambridge, MA, ","Match","Non_Exact","16 VANDINE ST, CAMBRIDGE, MA, 02141","-71.0905953379,42.368814396347","87163082","R","25","017","352600","1008"
"A0192","780 POST ST, San Francisco, CA, ","Match","Exact","780 POST ST, SAN FRANCISCO, CA, 94109","-122.414659903737,37.787554937568","192280900","R","06","075","012100","3001"
"A0190","283 ADAMS ST, Newark, NJ, ","Match","Exact","283 ADAMS ST, NEWARK, NJ, 07105","-74.16236498265,40.722831839974","63468691","R","34","013","006900","2000"
"A0074","717 S BERENDO ST, Los Angeles, CA, 90005","Match","Exact","717 S BERENDO ST, LOS ANGELES, CA, 90005","-118.294210099909,34.059391478589","141605056","R","06","037","212303","1001"
"A0195","1850-1848 COMMONWEALTH AV, Boston, MA, 02135","Match","Non_Exact","1848 COMMONWEALTH AVE, BOSTON, MA, 02135","-71.152111420394,42.339062553814","85739828","R","25","025","000503","2004"
"A0075","27 Everett St, Cambridge, MA, ","Match","Exact","27 EVERETT ST, CAMBRIDGE, MA, 02138","-71.117508170008,42.379922700614","642579819","L","25","017","353600","2008"
"A0196","16915 BLACKHAWK ST, Los Angeles, CA, 91344","Match","Non_Exact","16915 BLACKHAWK ST, GRANADA HILLS, CA, 91344","-118.500920253647,34.258955182522","141543025","R","06","037","111402","2010"
"A0072","1251 10TH AV, San Francisco, CA, ","Match","Exact","1251 10TH AVE, SAN FRANCISCO, CA, 94122","-122.467520089918,37.764890627041","640957155","R","06","075","030202","1003"
"A0193","1626 BONITA AVE, Berkeley, CA, 94709","Match","Exact","1626 BONITA AVE, BERKELEY, CA, 94709","-122.272592199936,37.877436210953","124993875","R","06","001","422400","3002"
"A0073","35-37 Inman St, Cambridge, MA, ","Match","Non_Exact","37 INMAN ST, CAMBRIDGE, MA, 02139","-71.103956176776,42.368713915313","86868934","L","25","017","353000","1008"
"A0194","72 Burbank ST, Boston, MA, 02115","Match","Exact","72 BURBANK ST, BOSTON, MA, 02115","-71.08932121797,42.34449244891","639001902","L","25","025","010403","1002"
"A0098","WILLOWWOOD ST, Boston, MA, 02124","No_Match"
"A0099","822 WASHINGTON ST, Hoboken, NJ, ","Match","Exact","822 WASHINGTON ST, HOBOKEN, NJ, 07030","-74.028270964888,40.746308514721","59606931","L","34","017","018702","1001"
"A0089","935 PARK AVE, Hoboken, NJ, ","Match","Exact","935 PARK AVE, HOBOKEN, NJ, 07030","-74.030368120288,40.748211954503","59606836","R","34","017","018600","1001"
"A0087","323 BLOOMFIELD ST, Hoboken, NJ, ","Match","Exact","323 BLOOMFIELD ST, HOBOKEN, NJ, 07030","-74.030768159948,40.740414697817","59606999","R","34","017","019400","1003"
"A0088","201 CLEMENT ST, San Francisco, CA, ","Match","Exact","201 CLEMENT ST, SAN FRANCISCO, CA, 94118","-122.461275217487,37.783026502307","192281870","L","06","075","040100","3002"
"A0092","2514 PIEDMONT AVE, Berkeley, CA, 94704","Match","Exact","2514 PIEDMONT AVE, BERKELEY, CA, 94704","-122.251697248224,37.865583367618","124998554","R","06","001","423700","3000"
"A0093","90 BICKFORD ST, Boston, MA, 02130","Match","Exact","90 BICKFORD ST, BOSTON, MA, 02130","-71.101924371068,42.324002818423","85723783","L","25","025","081200","2004"
"A0090","30 JACKSON ST, Newark, NJ, ","Match","Exact","30 JACKSON ST, NEWARK, NJ, 07105","-74.155787524567,40.731204856376","635757900","L","34","013","007600","2000"
"A0091","2229 DWIGHT WAY, Berkeley, CA, 94704","Match","Exact","2229 DWIGHT WAY, BERKELEY, CA, 94704","-122.264605312198,37.864405329327","124998374","L","06","001","422800","4003"
"A0096","81 WESTLAND AV, Boston, MA, 02115","Match","Exact","81 WESTLAND AVE, BOSTON, MA, 02115","-71.089157903457,42.343854353427","85733011","R","25","025","010403","1002"
"A0097","1560 MASON ST, San Francisco, CA, ","Match","Exact","1560 MASON ST, SAN FRANCISCO, CA, 94133","-122.411949673166,37.79780463687","640405774","R","06","075","010701","2003"
"A0094","1371 27TH ST, San Diego, CA, 92154","Match","Exact","1371 27TH ST, SAN DIEGO, CA, 92154","-117.075371141803,32.571862077109","612891825","L","06","073","010106","1005"
"A0095","23 Elm St, Cambridge, MA, ","Match","Exact","23 ELM ST, CAMBRIDGE, MA, 02139","-71.098495150944,42.367845841037","86870095","L","25","017","352500","2004"
"A0034","25 Gore St, Cambridge, MA, ","Match","Exact","25 GORE ST, CAMBRIDGE, MA, 02141","-71.079128226997,42.371703436562","86870886","R","25","017","352102","2006"
"A0155","473 Harvard ST, Boston, MA, 02124","Match","Exact","473 HARVARD ST, BOSTON, MA, 02124","-71.09239312943,42.288741879366","623718122","R","25","025","100100","1004"
"A0276","4361 ILLINOIS ST, San Diego, CA, 92104","Match","Exact","4361 ILLINOIS ST, SAN DIEGO, CA, 92104","-117.127636770855,32.756358147896","657478531","R","06","073","001201","1005"
"A0397","1677 BUSH ST, San Francisco, CA, ","Match","Exact","1677 BUSH ST, SAN FRANCISCO, CA, 94109","-122.424817163952,37.788065631555","192280151","L","06","075","015100","3004"
"A0035","5239 HARMONY AVE, Los Angeles, CA, 91601","Match","Non_Exact","5239 HARMONY AVE, NORTH HOLLYWOOD, CA, 91601","-118.366516457468,34.165618179362","640425408","L","06","037","125321","2001"
"A0156","290 GREEN ST, San Francisco, CA, ","Tie"
"A0277","2736 GRANT ST, Berkeley, CA, 94703","Match","Exact","2736 GRANT ST, BERKELEY, CA, 94703","-122.273424660577,37.85849365947","124994605","R","06","001","423400","3008"
"A0398","890 GREEN ST, San Francisco, CA, ","Match","Exact","890 GREEN ST, SAN FRANCISCO, CA, 94133","-122.413748040152,37.798969157635","640405762","R","06","075","010300","3000"
"A0032","63 OAK ST., Jersey City, NJ, ","Match","Exact","63 OAK ST, JERSEY CITY, NJ, 07304","-74.077148779124,40.7137999274","59604369","L","34","017","004400","2006"
"A0153","366 E 55TH ST, Los Angeles, CA, 90011","Match","Exact","366 E 55TH ST, LOS ANGELES, CA, 90011","-118.268297439622,33.992394354537","141670294","R","06","037","229410","2004"
"A0274","7072 EASTMAN ST, San Diego, CA, 92111","Match","Exact","7072 EASTMAN ST, SAN DIEGO, CA, 92111","-117.168439360297,32.789776238445","657437509","L","06","073","008600","4003"
"A0395","1632 RUSSELL ST, Berkeley, CA, 94703","Match","Exact","1632 RUSSELL ST, BERKELEY, CA, 94703","-122.275797862561,37.85541480374","655806123","R","06","001","423400","4007"
"A0033","1260 KEARNY ST, San Francisco, CA, ","Match","Exact","1260 KEARNY ST, SAN FRANCISCO, CA, 94133","-122.405709002561,37.79964889858","192292063","R","06","075","010402","3003"
"A0154","4568 IDAHO ST, San Diego, CA, 92116","Match","Exact","4568 IDAHO ST, SAN DIEGO, CA, 92116","-117.133977948208,32.760412374063","195345257","L","06","073","001202","2000"
"A0275","4091 MORRELL ST, San Diego, CA, 92109","Match","Exact","4091 MORRELL ST, SAN DIEGO, CA, 92109","-117.231646719173,32.795607414483","195303263","R","06","073","007702","3000"
"A0396","3244 CLAIREMONT DR, San Diego, CA, 92117","Match","Exact","3244 CLAIREMONT DR, SAN DIEGO, CA, 92117","-117.195770657922,32.800141615463","195305388","L","06","073","009101","2000"
"A0038","154 YUKON ST, San Francisco, CA, ","Match","Exact","154 YUKON ST, SAN FRANCISCO, CA, 94114","-122.442397125228,37.757178828285","192294856","R","06","075","020401","1010"
"A0159","104 SUNSET AVE, Newark, NJ, ","Match","Exact","104 SUNSET AVE, NEWARK, NJ, 07106","-74.226709353047,40.74245866913","63463929","L","34","013","002400","3001"
"A0039","1 Craigie St, Cambridge, MA, ","Match","Exact","1 CRAIGIE ST, CAMBRIDGE, MA, 02138","-71.125838882455,42.379449621711","86892516","R","25","017","354100","2001"
"A0036","33 WARD ST, Boston, MA, 02127","Match","Exact","33 WARD ST, BOSTON, MA, 02127","-71.054524489253,42.32946722555","635834309","R","25","025","061201","1012"
"A0157","2701 RIDGE RD, Berkeley, CA, 94709","Match","Exact","2701 RIDGE RD, BERKELEY, CA, 94709","-122.257026606732,37.876494513292","124998328","L","06","001","422500","2005"
"A0278","1800 FRANKLIN ST, San Francisco, CA, ","Match","Exact","1800 FRANKLIN ST, SAN FRANCISCO, CA, 94109","-122.424100965563,37.791146664293","192280073","R","06","075","013101","2000"
"A0399","227 WILLOW AVE, Hoboken, NJ, ","Match","Exact","227 WILLOW AVE, HOBOKEN, NJ, 07030","-74.033923758593,40.739690854009","59606966","R","34","017","018800","3003"
"A0037","770 IROLO ST, Los Angeles, CA, 90005","Match","Exact","770 IROLO ST, LOS ANGELES, CA, 90005","-118.300824624602,34.058302827517","141604043","L","06","037","212410","3000"
"A0158","2522 HILGARD AVE, Berkeley, CA, 94709","Match","Exact","2522 HILGARD AVE, BERKELEY, CA, 94709","-122.260493108118,37.878591221585","124998285","R","06","001","422500","1013"
"A0279","90 KENSINGTON AVE., Jersey City, NJ, ","Tie"
"A0280","1215 11TH AV, San Francisco, CA, ","Match","Exact","1215 11TH AVE, SAN FRANCISCO, CA, 94122","-122.468630232306,37.76547270684","640957060","R","06","075","030202","1004"
"A0041","122 TIFFANY AV, San Francisco, CA, ","Match","Exact","122 TIFFANY AVE, SAN FRANCISCO, CA, 94110","-122.421406384884,37.744990908268","192285155","R","06","075","025300","4007"
"A0162","1640 N POINSETTIA PL, Los Angeles, CA, 90046","Match","Exact","1640 N POINSETTIA PL, LOS ANGELES, CA, 90046","-118.347788965715,34.100552498586","642861894","R","06","037","189904","2000"
"A0283","90 BARTLETT ST, San Francisco, CA, ","Match","Exact","90 BARTLETT ST, SAN FRANCISCO, CA, 94110","-122.41994757491,37.755542885749","192288296","R","06","075","020801","3003"
"A0042","320 FORREST ST., Jersey City, NJ, ","Match","Exact","320 FORREST ST, JERSEY CITY, NJ, 07304","-74.077362139063,40.713202456168","59604306","R","34","017","004400","2006"
"A0163","233-235 SECOND ST., Jersey City, NJ, ","Match","Non_Exact","235 2ND ST, JERSEY CITY, NJ, 07302","-74.043552476848,40.722395074274","59606223","L","34","017","007002","1000"
"A0284","345 Columbia St, Cambridge, MA, ","Match","Exact","345 COLUMBIA ST, CAMBRIDGE, MA, 02141","-71.095359909702,42.371521199602","625403044","L","25","017","352800","1001"
"A0160","86 CHARLES ST., Jersey City, NJ, ","Match","Exact","86 CHARLES ST, JERSEY CITY, NJ, 07307","-74.05173810144,40.749433761671","59604945","R","34","017","000500","2001"
"A0281","1725 N GOWER ST, Los Angeles, CA, 90028","Match","Exact","1725 N GOWER ST, LOS ANGELES, CA, 90028","-118.32242566214,34.102103469042","141597053","L","06","037","191000","1009"
"A0040","69-75 JACKSON ST, Hoboken, NJ, ","Match","Non_Exact","75 JACKSON ST, HOBOKEN, NJ, 07030","-74.041089522043,40.738840718117","59605556","R","34","017","019200","2012"
"A0161","317 UNION ST., Jersey City, NJ, ","Match","Exact","317 UNION ST, JERSEY CITY, NJ, 07304","-74.083091056543,40.717916452711","638993969","L","34","017","004200","3001"
"A0282","2240 10TH ST, Berkeley, CA, 94710","Match","Exact","2240 10TH ST, BERKELEY, CA, 94710","-122.292299289201,37.865429346313","124993119","R","06","001","423200","1017"
"A0029","280-284 VERONA AVE, Newark, NJ, ","Match","Non_Exact","284 VERONA AVE, NEWARK, NJ, 07104","-74.166168698177,40.78286229736","63454549","L","34","013","000100","1007"
"A0023","843 IROLO ST, Los Angeles, CA, 90005","Match","Exact","843 IROLO ST, LOS ANGELES, CA, 90005","-118.300958567015,34.0569182313","141604046","R","06","037","212420","1001"
"A0144","112-114 Amory ST, Boston, MA, 02119","Match","Non_Exact","114 AMORY ST, BOSTON, MA, 02119","-71.100197786289,42.319506233426","85728478","L","25","025","081301","2004"
"A0265","102 BALDWIN AVE., Jersey City, NJ, ","Match","Exact","102 BALDWIN AVE, JERSEY CITY, NJ, 07306","-74.062860646313,40.725395005355","59604639","R","34","017","003102","1002"
"A0386","3654 ARIZONA ST, San Diego, CA, 92104","Match","Exact","3654 ARIZONA ST, SAN DIEGO, CA, 92104","-117.1379712012,32.744723856404","195345411","L","06","073","000800","2000"
"A0024","227 Charles St, Cambridge, MA, ","Match","Exact","227 CHARLES ST, CAMBRIDGE, MA, 02141","-71.084850671785,42.368207474124","86870745","R","25","017","352300","1014"
"A0145","4515 FELTON ST, San Diego, CA, 92116","Match","Exact","4515 FELTON ST, SAN DIEGO, CA, 92116","-117.121714561521,32.759371284084","195345623","R","06","073","001700","3001"
"A0266","52 BRIGHT ST., Jersey City, NJ, ","Match","Exact","52 BRIGHT ST, JERSEY CITY, NJ, 07302","-74.04716146876,40.716964287987","59605990","R","34","017","006400","2001"
"A0387","10303 CAMINITO ALVAREZ, San Diego, CA, 92126","Match","Exact","10303 CMT ALVAREZ, SAN DIEGO, CA, 92126","-117.169286391696,32.9053438981","658463623","L","06","073","008350","4005"
"A0021","22 PRECITA AV, San Francisco, CA, ","Match","Exact","22 PRECITA AVE, SAN FRANCISCO, CA, 94110","-122.418913690663,37.746697199975","192288549","R","06","075","025300","4005"
"A0142","4615 AVALON BLVD, Los Angeles, CA, 90011","Match","Exact","4615 AVALON BLVD, LOS ANGELES, CA, 90011","-118.265290530936,34.001426079007","141619930","R","06","037","228500","2008"
"A0263","1636 M L KING JR WAY, Berkeley, CA, 94709","Match","Exact","1636 MARTIN LUTHER KING JR WAY, BERKELEY, CA, 94709","-122.273753258644,37.877104430999","124993820","R","06","001","422300","1000"
"A0384","21 GUERRERO ST, San Francisco, CA, ","No_Match"
"A0022","10908 HARTSOOK ST, Los Angeles, CA, 91601","Match","Non_Exact","10908 HARTSOOK ST, NORTH HOLLYWOOD, CA, 91601","-118.368312978253,34.163485706471","640416057","L","06","037","125501","1002"
"A0143","75 ELM HILL AV, Boston, MA, 02121","Match","Exact","75 ELM HILL AVE, BOSTON, MA, 02121","-71.087061380822,42.310212727666","85701412","R","25","025","082100","3006"
"A0264","583-589 ELIZABETH AVE, Newark, NJ, ","Match","Non_Exact","589 ELIZABETH AVE, NEWARK, NJ, 07112","-74.203997082351,40.706702590971","63466302","R","34","013","004900","2002"
"A0385","1059 UNION ST, San Francisco, CA, ","Match","Exact","1059 UNION ST, SAN FRANCISCO, CA, 94133","-122.416408067433,37.79947735291","192280321","L","06","075","010300","3006"
"A0027","3918 FULTON ST, San Francisco, CA, ","Match","Exact","3918 FULTON ST, SAN FRANCISCO, CA, 94118","-122.473684296131,37.773108534668","192277602","R","06","075","047600","4002"
"A0148","162-166 5TH ST, Newark, NJ, ","Match","Non_Exact","166 5TH ST, NEWARK, NJ, 07107","-74.190058099169,40.751386045226","63474418","L","34","013","001600","1017"
"A0269","1015 CLINTON ST, Hoboken, NJ, ","Match","Exact","1015 CLINTON ST, HOBOKEN, NJ, 07030","-74.031887796981,40.749581279292","59616674","R","34","017","018501","1001"
"A0028","585 5TH ST, Newark, NJ, ","Match","Non_Exact","585 N 5TH ST, NEWARK, NJ, 07107","-74.180832847404,40.768516151715","63494770","R","34","013","000200","2005"
"A0149","25 Everett ST, Boston, MA, 02128","Match","Exact","25 EVERETT ST, BOSTON, MA, 02128","-71.036711056222,42.368309769533","85711503","R","25","025","050400","2002"
"A0025","2341 8TH ST, Berkeley, CA, 94710","Match","Exact","2341 8TH ST, BERKELEY, CA, 94710","-122.293815269518,37.863231048622","635729310","L","06","001","423200","2004"
"A0146","93-95 HAWKINS ST, Newark, NJ, ","Match","Exact","93-95 HAWKINS ST, NEWARK, NJ, 07105","-74.138947612797,40.727984681112","63469094","R","34","013","007502","2005"
"A0267","1314 N VAN NESS AVE, Los Angeles, CA, 90028","Match","Non_Exact","1314 N VAN NESS AVE, LOS ANGELES, CA, 90038","-118.31568631956,34.095065338349","141602910","R","06","037","190901","3004"
"A0388","157-155 CLERK ST., Jersey City, NJ, ","Match","Non_Exact","155 CLERK ST, JERSEY CITY, NJ, 07305","-74.075725799324,40.708921674003","59604452","L","34","017","004500","3004"
"A0026","59 OAK ST., Jersey City, NJ, ","Match","Exact","59 OAK ST, JERSEY CITY, NJ, 07304","-74.076996657496,40.713718828723","59604369","L","34","017","004400","2006"
"A0147","2850 GOLDEN GATE AV, San Francisco, CA, ","Match","Exact","2850 GOLDEN GATE AVE, SAN FRANCISCO, CA, 94118","-122.457612633148,37.776358944957","192282114","R","06","075","015600","3004"
"A0268","1848 FRANKLIN ST, San Francisco, CA, ","Match","Exact","1848 FRANKLIN ST, SAN FRANCISCO, CA, 94109","-122.42417782805,37.791524228684","192280073","R","06","075","013101","2000"
"A0389","923 GARDEN ST, Hoboken, NJ, ","Match","Exact","923 GARDEN ST, HOBOKEN, NJ, 07030","-74.029472700113,40.747908908406","59606890","R","34","017","018600","1000"
"A0390","70 DARCY ST, Newark, NJ, ","Match","Exact","70 DARCY ST, NEWARK, NJ, 07105","-74.149929644264,40.726005356196","63469008","L","34","013","007300","1012"
"A0030","2051 DIVISADERO ST, San Francisco, CA, ","Match","Exact","2051 DIVISADERO ST, SAN FRANCISCO, CA, 94115","-122.440651886856,37.788524403095","192279636","L","06","075","013402","1011"
"A0151","16 Queensberry ST, Boston, MA, 02215","Match","Exact","16 QUEENSBERRY ST, BOSTON, MA, 02215","-71.095965021374,42.343098317562","85727762","L","25","025","010408","1004"
"A0272","5 Everett St, Cambridge, MA, ","Match","Exact","5 EVERETT ST, CAMBRIDGE, MA, 02138","-71.11923068717,42.380002159495","636919475","L","25","017","353600","2007"
"A0393","91 JORDAN AVE., Jersey City, NJ, ","Match","Exact","91 JORDAN AVE, JERSEY CITY, NJ, 07306","-74.064895908212,40.72674257266","59604596","L","34","017","003000","1003"
"A0031","5624 S SAN PEDRO ST, Los Angeles, CA, 90011","Match","Exact","5624 S SAN PEDRO ST, LOS ANGELES, CA, 90011","-118.270046050706,33.991312087929","141670284","L","06","037","229410","2007"
"A0152","1669 SUNSET CLIFFS BLVD, San Diego, CA, 92107","Match","Exact","1669 SUNSET CLIFFS BLVD, SAN DIEGO, CA, 92107","-117.25076493005,32.74094590948","657434817","R","06","073","007304","2006"
"A0273","3911 CENTRE ST, San Diego, CA, 92103","Match","Exact","3911 CENTRE ST, SAN DIEGO, CA, 92103","-117.147965593551,32.749136257741","195342898","R","06","073","000600","3010"
"A0394","45 RAVINE AVE., Jersey City, NJ, ","Match","Exact","45 RAVINE AVE, JERSEY CITY, NJ, 07307","-74.049129869145,40.74028302667","59605172","L","34","017","001100","2007"
"A0270","29 CONCORD ST, Jersey City, NJ, ","Match","Exact","29 CONCORD ST, JERSEY CITY, NJ, 07306","-74.052574845456,40.733442605846","59605214","L","34","017","001400","2002"
"A0391","265 22ND ST, San Diego, CA, 92102","Match","Exact","265 22ND ST, SAN DIEGO, CA, 92102","-117.143904241304,32.707989329138","195347723","R","06","073","004700","2012"
"A0150","3784 E BROADWAY, San Diego, CA, 92102","Match","Non_Exact","3784 BROADWAY, SAN DIEGO, CA, 92102","-117.11184048031,32.716024799043","195348663","L","06","073","003403","1001"
"A0271","4115 LINCOLN WY, San Francisco, CA, ","Match","Exact","4115 LINCOLN WAY, SAN FRANCISCO, CA, 94122","-122.502100180635,37.764244000512","192300971","L","06","075","035101","1006"
"A0392","4545 N 39TH ST, San Diego, CA, 92116","Match","Non_Exact","4545 39TH ST, SAN DIEGO, CA, 92116","-117.110733157421,32.759875365223","195346628","R","06","073","002100","4001"
"A0056","41-43 Edgerly RD, Boston, MA, 02115","Match","Non_Exact","43 EDGERLY RD, BOSTON, MA, 02115","-71.087947355571,42.345644184192","85697542","R","25","025","010403","2003"
"A0177","166 HIGHLAND AVE., Jersey City, NJ, ","Match","Exact","166 HIGHLAND AVE, JERSEY CITY, NJ, 07306","-74.073105945172,40.729583045817","59603768","R","34","017","002800","1000"
"A0298","361 Washington St, Cambridge, MA, ","Match","Exact","361 WASHINGTON ST, CAMBRIDGE, MA, 02139","-71.099392946846,42.365668497367","86870089","R","25","017","352500","2010"
"A0057","57 STONE ST, Newark, NJ, ","Match","Exact","57 STONE ST, NEWARK, NJ, 07104","-74.174377039669,40.753432421375","63455106","R","34","013","008800","2000"
"A0178","5308 RIVERTON AVE, Los Angeles, CA, 91601","Match","Non_Exact","5308 RIVERTON AVE, NORTH HOLLYWOOD, CA, 91601","-118.365290745355,34.166828679585","642869062","R","06","037","125321","1002"
"A0299","1037 WASHINGTON ST, Hoboken, NJ, ","Match","Exact","1037 WASHINGTON ST, HOBOKEN, NJ, 07030","-74.027266530035,40.749050177411","59616645","R","34","017","018702","3002"
"A0054","13 Shetland ST, Boston, MA, 02119","Match","Exact","13 SHETLAND ST, BOSTON, MA, 02119","-71.068028337557,42.324986499476","85701235","R","25","025","080100","1042"
"A0175","10 Dover St, Cambridge, MA, ","Match","Exact","10 DOVER ST, CAMBRIDGE, MA, 02140","-71.126686968537,42.394678131873","619761341","R","25","017","355000","3008"
"A0296","83-85 MCWHORTER ST, Newark, NJ, ","Match","Non_Exact","85 MCWHORTER ST, NEWARK, NJ, 07105","-74.16622635068,40.730142326692","63467633","R","34","013","007900","3004"
"A0055","305 10TH AV, San Francisco, CA, ","Match","Exact","305 10TH AVE, SAN FRANCISCO, CA, 94118","-122.46876702789,37.782619210817","192281788","R","06","075","040200","2002"
"A0176","15 Chester St, Cambridge, MA, ","Match","Exact","15 CHESTER ST, CAMBRIDGE, MA, 02140","-71.124477534158,42.393657148181","624870921","L","25","017","355000","3007"
"A0297","211-213 SUMMER AVE, Newark, NJ, ","Match","Non_Exact","213 SUMMER AVE, NEWARK, NJ, 07104","-74.171685521994,40.758931675998","63455121","R","34","013","008700","2000"
"A0058","3137 BOSTON AVE, San Diego, CA, 92113","Match","Exact","3137 BOSTON AVE, SAN DIEGO, CA, 92113","-117.126888325341,32.693817730505","195348387","R","06","073","003902","3015"
"A0179","7006 LANEWOOD AVE, Los Angeles, CA, 90028","Match","Exact","7006 LANEWOOD AVE, LOS ANGELES, CA, 90028","-118.341635208217,34.09915207252","141599395","L","06","037","190102","2003"
"A0059","84-86 WALNUT ST, Newark, NJ, ","Match","Non_Exact","86 WALNUT ST, NEWARK, NJ, 07102","-74.170855709577,40.729215526845","63467506","R","34","013","008000","2019"
"A0180","845 S KINGSLEY DR, Los Angeles, CA, 90005","Match","Exact","845 S KINGSLEY DR, LOS ANGELES, CA, 90005","-118.303137913263,34.056870603736","141604025","R","06","037","212420","1003"
"A0060","5737 WILLOWCREST AVE, Los Angeles, CA, 91601","Match","Non_Exact","5737 WILLOWCREST AVE, NORTH HOLLYWOOD, CA, 91601","-118.362720761505,34.174656039346","141591689","L","06","037","124300","2006"
"A0181","931 GARDEN ST, Hoboken, NJ, ","Match","Exact","931 GARDEN ST, HOBOKEN, NJ, 07030","-74.029444711794,40.748003289428","59606890","R","34","017","018600","1000"
"A0063","11 Cortes ST, Boston, MA, 02116","Match","Exact","11 CORTES ST, BOSTON, MA, 02116","-71.069583391995,42.348290028212","647325275","L","25","025","070302","3006"
"A0184","156 W 32ND ST, Los Angeles, CA, 90007","Match","Exact","156 W 32ND ST, LOS ANGELES, CA, 90007","-118.273514783778,34.020782218595","141608038","L","06","037","224600","2025"
"A0064","24-26 Concord Ave, Cambridge, MA, ","Match","Non_Exact","26 CONCORD AVE, CAMBRIDGE, MA, 02138","-71.125842851741,42.379416219968","636918417","L","25","017","354100","2001"
"A0185","154 TERHUNE AVE., Jersey City, NJ, ","Match","Exact","154 TERHUNE AVE, JERSEY CITY, NJ, 07305","-74.096225420442,40.705096415554","59608340","R","34","017","005902","2004"
"A0061","106 18TH AV, San Francisco, CA, ","Match","Exact","106 18TH AVE, SAN FRANCISCO, CA, 94121","-122.477559726965,37.785919313984","192276582","L","06","075","042602","2005"
"A0182","911-923 CLINTON ST, Hoboken, NJ, ","Match","Non_Exact","923 CLINTON ST, HOBOKEN, NJ, 07030","-74.032259129478,40.748382853996","59606832","R","34","017","018501","1013"
"A0062","77 HOFF ST, San Francisco, CA, ","Match","Exact","77 HOFF ST, SAN FRANCISCO, CA, 94110","-122.420395727367,37.763766231452","652201029","L","06","075","020102","3000"
"A0183","2427 HILGARD AVE, Berkeley, CA, 94709","Match","Exact","2427 HILGARD AVE, BERKELEY, CA, 94709","-122.262349376787,37.87845544308","124998226","L","06","001","422500","1006"
"A0045","12829 BRANFORD ST, Los Angeles, CA, 91331","Match","Non_Exact","12829 BRANFORD ST, PACOIMA, CA, 91331","-118.41212012105,34.241771886514","141552057","R","06","037","104821","1005"
"A0166","1 Potter Pk, Cambridge, MA, ","Match","Exact","1 POTTER PARK, CAMBRIDGE, MA, 02138","-71.12020099261,42.384310248934","86867934","L","25","017","354000","1000"
"A0287","404 GRAND ST, Hoboken, NJ, ","Match","Exact","404 GRAND ST, HOBOKEN, NJ, 07030","-74.035272884466,40.742295062797","59605420","L","34","017","019000","1000"
"A0046","8-12 Soden St, Cambridge, MA, ","Match","Non_Exact","12 SODEN ST, CAMBRIDGE, MA, 02139","-71.108340513884,42.365690566108","86869821","L","25","017","359400","4001"
"A0167","4616 FLORIDA ST, San Diego, CA, 92116","Match","Exact","4616 FLORIDA ST, SAN DIEGO, CA, 92116","-117.143850889032,32.76124264042","195345133","L","06","073","001000","1010"
"A0288","75 CLENDENNY AVE., Jersey City, NJ, ","Match","Exact","75 CLENDENNY AVE, JERSEY CITY, NJ, 07304","-74.0811726863,40.718013229375","59604152","L","34","017","004200","3000"
"A0043","4 Orchard St, Cambridge, MA, ","Match","Exact","4 ORCHARD ST, CAMBRIDGE, MA, 02140","-71.119075629483,42.390119763731","86867848","L","25","017","354700","1015"
"A0164","725 14TH ST, San Francisco, CA, ","Match","Exact","725 14TH ST, SAN FRANCISCO, CA, 94114","-122.42951948205,37.76763837901","192284055","L","06","075","016900","2003"
"A0285","5255 HARMONY AVE, Los Angeles, CA, 91601","Match","Non_Exact","5255 HARMONY AVE, NORTH HOLLYWOOD, CA, 91601","-118.366517318934,34.165894818542","640425408","L","06","037","125321","2001"
"A0044","773-775 SANDFORD AVE, Newark, NJ, ","Match","Non_Exact","775 SANDFORD AVE, NEWARK, NJ, 07106","-74.237036956138,40.735737050359","63463958","R","34","013","002202","1007"
"A0165","734 JAMAICA CT, San Diego, CA, 92109","Match","Exact","734 JAMAICA CT, SAN DIEGO, CA, 92109","-117.252245356556,32.773642646317","195299956","L","06","073","007602","1006"
"A0286","27 Irving Ter, Cambridge, MA, ","Match","Exact","27 IRVING TER, CAMBRIDGE, MA, 02138","-71.111412032264,42.375840853959","639006107","R","25","017","353700","2002"
"A0049","721 CLINTON ST, Hoboken, NJ, ","Match","Exact","721 CLINTON ST, HOBOKEN, NJ, 07030","-74.033058218101,40.745798808889","59606856","R","34","017","018502","1000"
"A0047","14 RUTGERS AVE., Jersey City, NJ, ","Match","Exact","14 RUTGERS AVE, JERSEY CITY, NJ, 07305","-74.090865859165,40.698116647571","59603301","R","34","017","006000","2007"
"A0168","600 JACKSON/601 HARRISON, Hoboken, NJ, ","No_Match"
"A0289","1741 M L KING JR WAY, Berkeley, CA, 94709","Match","Exact","1741 MARTIN LUTHER KING JR WAY, BERKELEY, CA, 94709","-122.273285380013,37.874873789784","606304669","L","06","001","422400","3007"
"A0048","1619 COMMONWEALTH AV, Boston, MA, 02135","Match","Exact","1619 COMMONWEALTH AVE, BOSTON, MA, 02135","-71.143549067491,42.343402761946","85695261","R","25","025","000401","1000"
"A0169","115 KILSYTH RD, Boston, MA, 02135","Match","Exact","115 KILSYTH RD, BOSTON, MA, 02135","-71.146633078674,42.340367940381","85696043","R","25","025","000506","1006"
"A0290","21 Forest St, Cambridge, MA, ","Match","Exact","21 FOREST ST, CAMBRIDGE, MA, 02140","-71.116197964756,42.385243189976","86867990","L","25","017","353600","3009"
"A0170","8917 CEDROS AVE, Los Angeles, CA, 91402","Match","Non_Exact","8917 CEDROS AVE, PANORAMA CITY, CA, 91402","-118.453618335394,34.232064015614","648859648","L","06","037","120108","1000"
"A0291","165 Cambridgepark Dr, Cambridge, MA, ","Tie"
"A0052","88 Gardner ST, Boston, MA, 02134","Match","Exact","88 GARDNER ST, BOSTON, MA, 02134","-71.125813095903,42.353518237841","85695811","L","25","025","000805","1004"
"A0173","13180 FOOTHILL BLVD, Los Angeles, CA, 91342","Match","Non_Exact","13180 FOOTHILL BLVD, SYLMAR, CA, 91342","-118.421538456805,34.299371281369","652037070","L","06","037","106114","1001"
"A0294","178 Richdale Ave, Cambridge, MA, ","Match","Exact","178 RICHDALE AVE, CAMBRIDGE, MA, 02140","-71.126525304753,42.389122123461","86892420","L","25","017","354700","2004"
"A0053","32 Garrison ST, Boston, MA, 02116","Match","Exact","32 GARRISON ST, BOSTON, MA, 02116","-71.07944707371,42.345890982312","85741897","L","25","025","010600","1001"
"A0174","84 Hampshire St, Cambridge, MA, ","Match","Exact","84 HAMPSHIRE ST, CAMBRIDGE, MA, 02139","-71.0943940217,42.368359091009","86869586","L","25","017","352400","1000"
"A0295","Harvard ST LOT 2A-13, Boston, MA, 02124","No_Match"
"A0050","36 HOFF ST, San Francisco, CA, ","Match","Exact","36 HOFF ST, SAN FRANCISCO, CA, 94110","-122.420573521471,37.764124413322","652201029","R","06","075","020102","3003"
"A0171","127 OGDEN AVE., Jersey City, NJ, ","Match","Exact","127 OGDEN AVE, JERSEY CITY, NJ, 07307","-74.04663280324,40.738902438048","59605436","L","34","017","001300","2000"
"A0292","24 Berkshire St, Cambridge, MA, ","Match","Exact","24 BERKSHIRE ST, CAMBRIDGE, MA, 02141","-71.091628846996,42.368859452865","87108383","R","25","017","352600","1008"
"A0051","65 OAKLAND AVE., Jersey City, NJ, ","Match","Exact","65 OAKLAND AVE, JERSEY CITY, NJ, 07306","-74.055436604985,40.734681117954","59612830","L","34","017","001201","1012"
"A0172","8504 WILLIS AVE, Los Angeles, CA, 91402","Match","Non_Exact","8504 WILLIS AVE, PANORAMA CITY, CA, 91402","-118.455218605953,34.224850838975","648859626","R","06","037","120107","1000"
"A0293","1314 NATOMA ST, San Francisco, CA, ","Match","Exact","1314 NATOMA ST, SAN FRANCISCO, CA, 94103","-122.418602494007,37.768086302987","192287473","R","06","075","020101","2008"
